id,createdTime,Official_Name,Country,ISO_Country_Code,Alternative_Names,Region,Coordinates,loc_id,city_x,country_x,latitude,longitude,World_Bank_region,World_Bank_country_income_level,population_2020,Plan_doc,elevation,CDD21,Tmax35_days,Tmax40_days,Tmax95pctl_days,Tmax_highest,arbovirus_days,heatwave_count,heatwave_duration,malaria_days,pr90pctl_days,pr_highest,CDD21_score,Tmax35_days_score,Tmax40_days_score,Tmax95pctl_days_score,Tmax_highest_score,arbovirus_days_score,heatwave_count_score,heatwave_duration_score,malaria_days_score,pr90pctl_days_score,pr_highest_score,elevation_score
rec0owRlGjQh0mwd3,2025-02-26T15:34:45.000Z,Pune,India,IN,"┘╛┘И┘И┘Ж█Х, с▒пс▒йс▒▒с▒о с▒▒с▒Яс▒Эс▒Ьс▒╜с▒ис▒Яс▒жс▒Я, ┘╛┘И┘Ж┘З, Q1538, рдкреБрдгреЗ рд╢рд╣рд░, Pun, INPNQ, ц╡жщВг, ┘╛┘И┘Ж█Т, ┘╛┘И┘Ж┘К, уГЧуГНуГ╝, ╪и┘И┘Ж┘З, ╬а╬┐╧Н╬╜╬╡, рокрпБрогрпЗ, ╨Я╤Г╨╜├ж, ╨Я╤Г╨╜╨╛, р▓кр│Бр▓гр│Ж, сГЮсГгсГЬсГР, P├║ne, Pun├й, PNQ, р╢┤р╖Цр╢▒р╖К, ╒К╒╕╓В╒╢╒л, ┘╛┘И┘Ж╪з, ржкрзБржирзЗ, ┘╛┘И┘Ж█М, Puna, рдкреБрдгреЗ, рикрйВриири╛, эС╕ыДд, Puneo, ржкрзБржгрзЗ, ╫д╫Х╫а╫Ф, ╨Я╤Г╨╜╨░, INPUM, Poona, ╨Я╤Г╨╜╨╡, рккрлБркирк╛, poona, р┤кр╡Вр┤гр╡Ж, рмкрнБрмгрнЗ, ц╡жч┤Н, р░кр▒Вр░гр▒З, р╕Ыр╕╕р╣Ар╕У",Maharashtra,"18.51957,73.85535",558,Pune,India,18.5691213,73.8524993,South Asia,Lower middle income,"6,705,532",Y,559.9978916,1399.053672,46.73898333,0.993451111,58.11987889,39.0409981,74.45395556,6.036773333,26.32796667,246.2761178,74.04147778,54.80576225,6,7,6,3,6,7,3,7,9,10,6,2
rec1rNcfpiBnMXqgV,2025-02-26T15:34:45.000Z,Minneapolis,United States,US,"╨Ь╨╕╨╜╨╜╨╡╨░╨┐╨╛╨╗╨╕╤Б, MSP, Mine├бpolis, ╒Д╒л╒╢╒е╒б╒║╒╕╒м╒л╒╜, ╨Ь╨╕╨╜╨╡╨░╨┐╨╛╨╗╨╕╤Б, ┘Е┘Ж█М╪з┘╛┘И┘Д╪│, M├мn-n├м-├в-p├┤-li-sс╣│╠В, уГЯуГНуВвуГЭуГкуВ╣, ┘Е█М┘Ж█М╪з┘╛┘И┘Д█М╪│, Minyapolis, Q36091, Gakaabikaang, цШОх░╝щШ┐ц│вхИйцЦп, ╫Ю╫Щ╫а╫Щ╫Р╫д╫Х╫Ь╫Щ╫б, Minneap├▓lis, Mineapoli, ╨Ь╤Ц╨╜╨╜╨╡╨░╨┐╨╛╨╗╤Ц╤Б, Mineapolis, ып╕ыЛИьХаэП┤ыжмьКд, рдорд┐рдиреАрдпрд╛рдкреЛрд▓рд┐рд╕, рооро┐ройро┐ропро╛рокрпНрокрпКро▓ро┐ро╕рпН, ржорж┐ржирж┐ржпрж╝рж╛ржкрзЛрж▓рж┐рж╕, ╬Ь╬╣╬╜╬╡╬м╧А╬┐╬╗╬╖, р╕бр╕┤р╕Щр╕Щр╕╡р╣Бр╕нр╣Вр╕Юр╕ер╕┤р╕к, USMES, ркорк┐ркирлЗрккрлЛрк▓рк┐рк╕, рдорд┐рдирд┐рдпрд╛рдкреЛрд▓рд┐рд╕, р░ор░┐р░ир▒Нр░ир░┐р░пр░╛р░кр▒Лр░▓р░┐р░╕р▒Н, Mineapolisa, цШОх░╝ф║Юц│вхИйцЦп, ╨Ь╤Ц╨╜╨╡╨░╨┐╨░╨╗╤Ц╤Б, сГЫсГШсГЬсГФсГРсГЮсГЭсГЪсГШсГбсГШ, City of Minneapolis, Minn├йapolis, ┘Е┘К┘Ж┘К╪з╪и┘И┘Д╪│, р▓ор▓┐р▓ир│Нр▓ир▓┐р▓пр▓╛р▓кр│Лр▓▓р▓┐р▓╕р│Н",Minnesota,"44.97997,-93.26384",75,Minneapolis,United States,44.99994671,-93.2301204,North America,High income,"1,835,653",Y,261,373.48875,16.97293333,5.989,75.67433333,37.91066651,22.31793667,7.510222222,23.76193333,58.92405778,36.32721778,39.12881455,3,5,8,7,6,3,6,6,3,1,4,4
rec26hIHlBlZNsJpl,2025-02-26T15:34:45.000Z,George Town,Malaysia,MY,"сАХсАосАФсАФсА║сАЩсА╝сАнсАпсА╖, ф╣Фц▓╗х╕В, ╨П╨╛╤А╤Я ╨в╨░╤Г╨╜, MYNTL, ╪м╪▒╪м ╪к╪з┘И┘Ж ┘╛┘Ж╪з┘Ж┌п, уВ╕уГзуГ╝уВ╕уВ┐уВжуГ│, ╪м╪з╪▒╪м ┘╣╪з╪д┘Ж╪М ┘╛█М┘Ж╪з┘Ж┌п, р┤Ьр╡Лр╡╝р┤Ьр╡Нр┤Ьр╡Н р┤Яр╡Чр╡║, ╪м┘И╪▒╪м╪к┘И┘Ж, Penang, D┼╛ord┼╛tauna, рдЬрд░реНрдЬ рдЯрд╛рдЙрди, Pinang George Town, ─Ьor─Эta┼нno, MYGTI, ╫Т╫Х╫и╫Т ╫Ш╫Р╫Х╫Я, ╪м┘И╪▒╪м ╪к╪з┘И┘Ж, сГпсГЭсГасГпсГвсГРсГгсГЬсГШ, D┼╛ord┼╛taunas, ьб░ьзАэГАьЪ┤, р╕Ир╕нр╕гр╣Мр╕Ир╕Чр╕▓р╕зр╕Щр╣М, Pinang, Khi├вu-chhс╣│-sс╣│, роЬро╛ро░рпНроЬрпН роЯро╡рпБройрпН, ╨Ф╨╢╨╛╤А╨┤╨╢╤В╨░╤Г╨╜, Q61092, Georgetown, MYPEN, ╪м┘И╪▒╪м ╪к┘И┘Ж, PEN, хЦмц▓╗х╕В",Penang,"5.41123,100.33543",780,George Town,Malaysia,5.372127221,100.2897535,East Asia & Pacific,Upper middle income,"740,674",N,208.1243097,2694.208554,0,0,121.74862,33.0689261,311.7327256,14.63212,30.69539444,139.2525,44.20323556,66.90184661,10,1,3,10,2,10,10,8,8,7,8,4
rec2FIOiQp4GCnFlv,2025-02-26T15:34:45.000Z,Toronto,Canada,CA,"сАРсАнсАпсАЫсА╜сАФсА║сАРсАнсАпсАЩсА╝сАнсАпсА╖, ╪к┘И╪▒┘Ж╪к┘И, ╨в╨░╤А╨╛╨╜╤В╨░, ╫Ш╫Р╫и╫Р╫а╫Ш╫Р, сГвсГЭсГасГЭсГЬсГвсГЭ, Torontum, хдЪхАлхдЪ, эЖаыбаэЖа, хдЪф╝жхдЪ, риЯрйЛри░ри╛риВриЯрйЛ, р╣Вр╕Чр╕гр╕нр╕Щр╣Вр╕Х, ╒П╒╕╓А╒╕╒╢╒┐╒╕, Toront├│, YTO, рдЯреЛрд░рдиреНрдЯреЛ, Torontas, р▓Яр│Кр▓░р▓╛р▓Вр▓Яр│Л, р░Яр▒Кр░░р░Вр░Яр▒Л, ╪к┘И╪▒┘И┘Ж╪к┘И, р┤Яр╡Лр┤▒р╡Лр┤гр╡Нр┤Яр╡Л, ┘╣┘И╪▒┘Ж┘╣┘И, Torontu, CATOR, ╨в╨╛╤А╨╛╨╜╤В╨╛, ╬д╬┐╧Б╧М╬╜╧Д╬┐, рдЯреЛрд░рд╛рдБрдЯреЛ, ржЯрж░рзЛржирзНржЯрзЛ, рдЯреЛрд░рдгреНрдЯреЛ, ро░рпКро▒ройрпНро░рпЛ, рддреЛрд░рдиреНрддреЛ, ┘╣┘И╪▒╪з┘Ж┘╣┘И, уГИуГнуГ│уГИ, ╫Ш╫Х╫и╫Х╫а╫Ш╫Х, Q172",Ontario,"43.70643,-79.39864",109,Toronto,Canada,43.65246768,-79.53381024,North America,High income,"6,193,982",Y,123.93408,181.7600933,3.288633333,0,56.5641,35.46603236,9.617706667,8.038875556,15.65287111,35.87081111,40.61246667,41.67905317,2,3,3,3,4,2,7,2,2,4,4,5
rec2bNwtiheJsGsl1,2025-02-26T15:34:45.000Z,Portland,United States,US,"эПмэЛАыЮЬыУЬ, ╪и┘И╪▒╪к┘Д╪з┘Ж╪п╪М ╪г┘И╪▒┘К╪║┘И┘Ж, Portlandas, ╒К╒╕╓А╒┐╒м╒е╒╢╒д, ╨Я╨╛╤А╤В╨╗╨░╨╜╨┤, ц│вчЙ╣шШн, Portlenda, сГдсГЭсГасГЧсГЪсГФсГЬсГУсГШ, Rip City, The City of Roses, уГЭуГ╝уГИуГйуГ│уГЙ, р╕Юр╕нр╕гр╣Мр╕Хр╣Бр╕ер╕Щр╕Фр╣М, рокрпЛро░рпНроЯрпНро▓ройрпНроЯрпН, Puddletown, PDX, Portlandia, сГЮсГЭсГасГвсГЪсГФсГЬсГУсГШ, рдкреЛрд░реНрдЯрд▓реИрдВрдб, р▓кр│Лр▓░р│Нр▓Яр│НтАМр▓▓р│Нр▓пр▓╛р▓Вр▓бр│НтАМ, рдкреЛрд░реНрдЯрд▓рдВрдб, Bridgetown, ╨Я╨╛╤А╤В╨╗╨╡╨╜╨┤, ╬а╧М╧Б╧Д╬╗╬▒╬╜╧Д, ┘╛┘И╪▒╪к┘Д┘Ж╪п╪М ╪з┘И╪▒┌п┘Ж, P-town, Portlando, р░кр▒Лр░░р▒Нр░Яр▒Н р░▓р░╛р░Вр░бр▒Н, Stumptown, River City, Portland i Oregon, USPDX, ╫д╫Х╫и╫Ш╫Ь╫а╫У, Portlend",Oregon,"45.52345,-122.67621",16,Portland,United States,45.53094903,-122.6657332,North America,High income,"1,814,470",Y,27.45042841,82.09317556,11.12423111,2.721633333,59.20183333,38.31072522,4.066751111,8.474526667,16.48954667,15.63461556,41.88526,61.58016797,1,5,7,3,6,2,8,2,1,6,8,8
rec2ri86yzeyYgDpd,2025-02-26T15:34:45.000Z,Wellington,New Zealand,NZ,"Te Whanga-nui-a-Tara, сГХсГФсГЪсГШсГЬсГТсГЧсГЭсГЬсГШ, ╨Т╨╡╨╗╤Ц╨╜╨│╤В╨░╨╜, █Л█Р┘Д┘Д┘Й┘Ж┌п╪к┘И┘Ж, сЛМсИКсКХсМНсЙ░сКХ, ╫░╫в╫Ь╫Щ╫а╫Т╫Ш╫Р╫Я, Q23661, ┘И█М┘Д┘Ж┌п┘╣┘Ж, цГачБ╡щб┐, ╬Я╧Е╬н╬╗╬╗╬╣╬╜╬│╬║╧Д╬┐╬╜, ржУржпрж╝рзЗрж▓рж┐ржВржЯржи, р╣Ар╕зр╕ер╕ер╕┤р╕Зр╕Хр╕▒р╕Щ, ╬Я╧Е╬н╬╗╬╗╬╣╬│╬║╧Д╬┐╬╜, хиБщЭИщаУ, ╫Х╫Ь╫Щ╫а╫Т╫Ш╫Х╫Я, Vellinqton, уВжуВзуГкуГ│уГИуГ│, ьЫ░ызБэД┤, Vellingtonia, ┘И┘К┘Д┘К┘Ж╪║╪к┘И┘Ж, Whanga-nui-a-Tara, рд╡реЗрд▓рд┐рдВрдЧреНрдЯрди, ┘И┘К┘Д┘К┘Ж╪м╪к┘И┘Ж, Velingtono, рз▒рзЗрж▓рж┐ржВржЯржи, Velingtonas, Wellinton, рд╡реЗрд▓рд┐рдВрдЧрдЯрди, Welint├▓n, рд╡реЗрд▓рд┐рдЩреНрдЧрдЯрди, Hi├к-l├мng-d├│ng, Vellington, ╨Т╨╡╨╗╨╕╨╜╨│╤В╨╛╨╜, WLG, Weolingt┼лn, ┘И┘Д█М┘Ж┌п╪к┘И┘Ж, сАЭсАЪсА║сАЬсАДсА║сАРсАФсА║сАЩсА╝сАнсАпсА╖, ╨г╨╡╨╗╨╕╨╜╨│╤В╤К╨╜, рк╡рлЗрк▓рк┐ркВркЧрлНркЯрки, Ueligitone, NZWLG, р┤╡р╡Жр┤▓р╡Нр┤▓р┤┐р┤Вр┤Чр╡Нр┤Яр╡║, ╨Т╨╡╨╗╨╗╤Ц╨╜╨│╤В╨╛╨╜, ╒О╒е╒м╒л╒╢╒г╒┐╒╕╒╢, р╜Эр╜║р╝Лр╜гр╜▓р╜Др╝Лр╜Рр╜╝р╜Ур╝Н, р▓╡р│Жр▓▓р│Нр▓▓р▓┐р▓Вр▓Чр│Нр▓Яр▓ир│Н, ри╡рйИри▓ри┐рй░риЧриЯрии, Velingtona, ╨Т╨╡╨╗╨╗╨╕╨╜╨│╤В╨╛╨╜, сГгсГФсГЪсГШсГЬсГТсГвсГЭсГЬсГШ, ро╡рпЖро▓ро┐роЩрпНроЯройрпН",Wellington Region,"-41.28664,174.77557",,,,,,,,,,,,,,,,,,,,,,,,,,,,,,,,,
rec4jT76Dak2rT0oH,2025-02-26T15:34:45.000Z,Montreal,Canada,CA,"┘Е┘И┘Ж╪к╪▒╪в┘Д, ╬Ь╬┐╬╜╧Д╧Б╬╡╬▒╬╗, ╨Ь╨╛╨╜╤А╨╡╨░╨╗╤М, шТЩчЙ╣хИйх░Ф, Montreali, Monrealis, ╬Ь╧М╬╜╧Д╧Б╬╡╬▒╬╗, ╫Ю╫Х╫а╫Ш╫и╫Щ╫Р╫Х╫Ь, сГЫсГЭсГЬсГасГФсГРсГЪсГШ, Montreal City, ╨Ь╨╛╨╜╤А╨╡╨░╨╗, YMQ, Monreyal, ыкмэК╕ыжмьШм, ┘Е┘И┘Ж╪к╪▒█Р╪ж╪з┘Д, Montr├йal, уГвуГ│уГИуГкуВкуГ╝уГл, Mont-real, ╨Ь╨╛╨╜╤В╤А╨╡╨░╨╗, CAMTR, Monre─Бla, Montrealo, ┘Е┘И┘Ж╪к╪▒█М╪з┘Д, сТзсХЖсРКсУк, Lungsod ng Montr├йal, Mons Regius",Quebec,"45.50884,-73.58781",130,Montreal,Canada,45.53269003,-73.66822949,North America,High income,"3,181,624",N,30,144.6879456,1.825853333,0,59.5596,35.45256057,5.664818889,7.722494444,15.71982889,28.331,42.30230556,43.11866043,2,3,3,4,4,2,7,2,2,6,5,8
rec5BHV2v7LPMoJPM,2025-02-26T15:34:45.000Z,New York,United States,US,"р╕Щр╕Др╕гр╕Щр╕┤р╕зр╕вр╕нр╕гр╣Мр╕Б, ржирж┐ржЙ ржЗржпрж╝рж░рзНржХ рж╕рж┐ржЯрж┐, ╫а╫Щ╫Х ╫Щ╫Х╫и╫з, Nov-Jorko, Big Apple, ┼Еujorka, Bandar Raya New York, Aebura, New York City, Cathair Nua-Eabhrac, ╨К╤Г ╨И╨╛╤А╨║, Nova Iorque, ╨Э╤О ╨Щ╨╛╤А╨║, рдиреНрдпреВрдпреЙрд░реНрдХ, New Yorc, Neu Jorck, City of New York, ыЙ┤ьЪХ, уГЛуГеуГ╝уГиуГ╝уВп, Lungsod ng New York, Ga-no-no, The Big Apple, ыЙ┤ьЪХ ьЛЬ, Neu Amsterdam, уГЮуГ│уГПуГГуВ┐уГ│, Nova-York, ╨К╤Г╤Ш╨╛╤А╨║, Kanono, ╨Э╤М╤О-╨Б╤А╨║, Eabhraig Nuadh, New Amsterdam, ┘Ж█М┘И█М╪з╪▒┌й ╪┤█Б╪▒, USNYC, N├╜ja J├│rv├нk, Niujorkas, NYC, Efrog Newydd, ┘Ж█М┘И█М┘И╪▒┌й, NY, Nyu York Shehiri, ╒Ж╒╡╒╕╓В ╒Е╒╕╓А╓Д, ч┤Рч┤Дх╕В, New Orange, ╫а╫Щ╫Х ╫Щ╫Р╫и╫з, ╬Э╬н╬▒ ╬е╧М╧Б╬║╬╖, Nowy Jork, роиро┐ропрпВропро╛ро░рпНроХрпН роироХро░роорпН, Nueva York, Nova York, ╫а╫Щ╫Х╓╛╫Щ╫Р╓╕╫и╫з, Nei Yarrick Schtadt, New York borg, ч┤Рч┤Д, Nouvieau York, Nova Amsterda, New Yorke, Novjorko, ┘Ж┘К┘И┘К┘И╪▒┘Г, Th├аnh phс╗С New York, ╨Э╤М╤О-╨Щ╨╛╤А╨║, Evrek Nowydh, New Yorku, сГЬсГШсГг-сГШсГЭсГасГЩсГШ, Njujork, Nua-Eabhrac, Kan├│n:no, Q60, New York Stad, Kota New York, New York kenti, ╒Ж╒л╓В ╘╡╒╕╓А╓Д, Novum Eboracum, N├▓va York, Nouvelle Yorck, York Berri, New York-borg",New York,"40.71427,-74.00597",119,New York,United States,40.77321423,-73.88090455,North America,High income,"16,497,127",Y,2.571228,434.0805467,4.279965556,0,65.66034,36.2212808,31.39752889,8.129913333,16.12367333,66.67794889,42.65280556,67.43475953,3,4,3,5,4,3,7,2,4,6,8,10
rec5vNseJ2vUk6YrG,2025-02-26T15:34:45.000Z,Phoenix,United States,US,"PHX, сНКсКТсКнсИ╡сНе сКасИксЛЮсКУ, Phoeniks, F├йniks, р╕Яр╕╡р╕Щр╕┤р╕Бр╕Лр╣М, Finiks, USPHX, щ││хЗ░хЯО, Salt River, Finiksos, Hoozdoh, ╒Ц╒л╒╢╒л╓Д╒╜, ┘Б█М┘Ж┌й╪│, Finiksas, ╨д╤Ц╨╜╤Ц╨║╤Б, уГХуВзуГЛуГГуВпуВ╣, East Phoenix, хЗдхЗ░хЯО, Q16556, р░лр▒Ар░ир░┐р░Хр▒Нр░╕р▒Н р░ир░Чр░░р░В, рокрпАройро┐роХрпНро╕рпН, рдлрд┐рдирд┐рдХреНрд╕, P─Уniki, Fenikso, Smiths Station, р▓лр│Ар▓ир▓┐р▓Хр│Нр▓╕р│Н, Phenix, рдлреАрдирд┐рдХреНрд╕, Smith Station, ┘Б┘К┘Ж┘К┘Г╪│, эФ╝ыЛЙьКд, ╨д╨╕╨╜╨╕╨║╤Б, ╫д╫Щ╫а╫Щ╫з╫б, рилри╝рйАриири┐риХри╕, F─лniksa, рдлрд┐рдирд┐рдХреНрд╕реН, ╫д╫а╫Щ╫з╫б, сГдсГШсГЬсГШсГесГбсГШ, ┘Б█М┘Ж█М┌й╪│╪М ╪в╪▒█М╪▓┘И┘Ж╪з, р┤лр╡Ар┤ир┤┐р┤Хр╡Нр┤╕р╡Н, Hellings Mill, ╬ж╬┐╬п╬╜╬╣╬╛, Pumpkinsville, Smith Station Phenix, рдлрд╝реАрдирд┐рдХреНрд╕, Mill City, ржлрж┐ржирж┐ржХрзНрж╕",Arizona,"33.44838,-112.07404",12,Phoenix,United States,33.47756006,-112.0005369,North America,High income,"4,117,029",Y,357,2232.874556,162.2950433,98.21937778,70.20532333,47.43365875,29.60808,7.372778889,20.11712444,48.20034667,44.41808,32.12418186,8,10,10,6,10,3,6,4,2,7,3,3
rec6Gm2FW438HeNCj,2025-02-26T15:34:45.000Z,Warsaw,Poland,PL,"уГпуГлуВ╖уГгуГп, Warschau, шПпц▓Щ, Varsovia, █Л╪з╪▒╪┤╪з█Л╪з, Warszaw, рд╡реЙрд░реНрд╕реЛ, хНОц▓Щ, ы░Фые┤ьГды░Ф, сГХсГРсГасГисГРсГХсГР, Var┼Яova, Warskou, Var┼бava, Vars├│, War┼бawa, ╨Т╨░╤А╤И╨░╨▓╨░, Vars├│via, ┘И╪з╪▒╪│┘И, ┘И╪▒╪┤┘И, V├бrs├б, ╫Х╫и╫й╫Ф, Varsovie, Barsobia, Varsj├б, ╨Т╨░╤А╤И╨░╨▓├ж, WAW, Warsawa, Vars├▓via, ╬Т╬▒╧Б╧Г╬┐╬▓╬п╬▒, Varsovio, Varsavja, Varsova, PLWAW, Warszawa, ╫░╫Р╓╖╫и╫й╫в, ╒О╒б╓А╒╖╒б╒╛╒б, Q270, р╕зр╕нр╕гр╣Мр╕Лр╕н, Varsavia, Var╚Щovia, Var┼бuva, Varssavi, сЛЛсИнсИ╢сЛН, ╫Х╫Х╫Р╫и╫й╫в, ▄Ш▄к▄г▄Ш, Varshava",Mazovia,"52.22977,21.01178",311,Warsaw,Poland,52.22529923,20.99571251,Europe & Central Asia,High income,"1,882,981",Y,115.512192,107.7625867,2.999993333,0,57.18829778,34.71277333,4.0673,7.483021111,16.24456889,24.62759667,40.98990222,35.71416959,1,3,3,3,3,2,6,2,1,5,4,5
rec6HWSRfsDA4rL1F,2025-02-26T15:34:45.000Z,Tulsa,United States,US,"USTUL, хЬЦчИ╛шЦй, TUL, ╨в╤К╨╗╤Б╨░, уВ┐уГлуВ╡, ╨в╨░╨╗╤Б╨░",Oklahoma,"36.15398,-95.99277",,,,,,,,,,,,,,,,,,,,,,,,,,,,,,,,,
rec9JTuzzRSJlz6ZF,2025-02-26T15:34:45.000Z,Miami,United States,US,"рооропро╛рооро┐, MIA, сГЫсГРсГШсГРсГЫсГШ, сИЫсЛлсИЪ, Maiami, ┘Е╪з┘К╪з┘Е┘Й, сАЩсАнсАпсАДсА║сАЪсАмсАЩсАосАЩсА╝сАнсАпсА╖, ╨Ь╨░╤П╨╝╤Ц, рдорд╛рдпрд╛рдореА, Mayami, ┘Е┘К╪з┘Е┘К, р▓ор▓┐р▓пр▓╛р▓ор▓┐, ╫Ю╫Щ╫Р╫Ю╫Щ, Miamia, ┘Е█М╪з┘Е█М, р╣Др╕бр╣Бр╕нр╕бр╕╡, ┘Е█М╪з┘Е█М╪М ┘Б┘Д┘И╪▒█М╪п╪з, ╒Д╒б╒╡╒б╒┤╒л, ш┐ИщШ┐хпЖ, USMIA, р░ор░пр░╛р░ор░┐, ызИьЭ┤ьХаып╕, ╨Ь╨░╨╣╨░╨╝╨╕, уГЮуВдуВвуГЯ, щВБщШ┐хпЖ, ╬Ь╬▒╧К╬м╬╝╬╣, щВБф║Юч╛О, Q8652, Miamo, ╨Ь╨░╤П╨╝╨╕, рдорд┐рдпрд╛рдореА, ╨Ь╨░╤Ш╨░╨╝╨╕, Majami, ркорк╛ркпрк╛ркорк┐, ржорж╛ржпрж╝рж╛ржорж┐, Majamis",Florida,"25.77427,-80.19366",76,Miami,United States,26.17958738,-80.2108039,North America,High income,"5,821,109",Y,2,1816.981973,7.397216667,0,80.53084222,35.82176338,150.3279222,8.861646667,23.76849,184.2544667,40.24891111,41.03358914,7,4,3,8,4,9,9,6,9,4,4,10
recDiELN5REhnmWee,2025-02-26T15:34:45.000Z,Da Nang,Vietnam,VN,"уГАуГКуГ│, Turan, DAD, Tourane, х│┤ц╕п, ╨Ф╨░ ╨Э╨░╨╜╨│, VNDAD, Danang, ─Р├а Nс║╡ng, х▓Шц╕п, ыЛдыВн",Da Nang,"16.06778,108.22083",867,Da Nang,Vietnam,16.04094152,108.1953831,East Asia & Pacific,Lower middle income,"1,058,099",Y,8.010312,1765.221447,1.498596667,0,74.58932889,34.32004057,152.2071378,9.253538889,15.95988,176.0143,49.54128,122.9878032,6,3,3,7,3,9,9,2,8,9,10,10
recEvv7AgSgzABeNE,2025-02-26T15:34:45.000Z,Chennai,India,IN,"Q1352, ╨з╨╡╨╜╨╜╨░╨╕, ь▓╕ыВШьЭ┤, Tamulinadu, ╨з╨╡╨╜╨╜╨░╤Ч, рдЪреЗрдиреНрдиреИ, ╨з╤Н╨╜╨░╤Ц, рдЪреЗрдиреНрдирдИ, Csennai, ╬д╧Г╬╡╬╜╬╜╬м╬╣, р░Ър▒Жр░ир▒Нр░ир▒И, ├Зennai, INMAA, ржЪрзЗржирзНржирж╛ржЗ, ╫ж╫а╫Р╫Щ, р▓Ър│Жр▓ир│Нр▓ир│И, ┌Ж┘К┘Ж╪з█М, ╨з╨╡╨╜╨░╤Ш, уГБуВзуГ│уГКуВд, Tamizhagam, ╨з╨╡╨╜╨░╨╣, сАБсА╗сАФсА║сАФсАнсАпсАДсА║сА╕сАЩсА╝сАнсАпсА╖, Madr├бs, ркЪрлЗркирлНркиркИ, р┤Ър╡Жр┤ир╡Нр┤ир╡И, роЪрпЖройрпНройрпИ, ┌Ж█М┘Ж╪з╪ж█М, ╨з╨╡╨╜╨╜╨░╨╣, р╣Ар╕Ир╕Щр╣Др╕Щ, р╢ар╖Щр╢▒р╖Кр╢▒р╖Пр╢║р╖Т, ─Иenajo, ╪к╪┤┘К┘Ж╪з┘К, Maderaspatanum, ─Мennai, ╒Й╒е╒╢╒╢╒б╒╡, ─Мenna├н, Madras, ц╕ЕхеИ, MAA, ─Жennaj, ┌Ж┘Ж╪з█М, ─Мenajus, сГйсГФсГЬсГРсГШ, ├Зenay, ─Мenaj, риЪрйЗриириИ, рмЪрнЗрмирнНрмирм╛рмЗ, ┌Ж┘Ж╪з╪ж█М, щЗСхеИ",Tamil Nadu,"13.08784,80.27847",677,Chennai,India,13.01635766,80.173301,South Asia,Lower middle income,"10,752,416",Y,9.003976,2877.420046,130.94906,17.48933667,54.89654667,41.57252817,102.0027489,4.502616667,27.41628,146.8227111,42.87081667,71.72282702,10,9,8,2,8,8,1,7,8,6,9,9
recF0KglS9Rs9doKC,2025-02-26T15:34:45.000Z,Nashville,United States,US,"Nasburgum, сГЬсГФсГисГХсГШсГЪсГШ, рдиреЕрд╢рд╡реНрд╣рд┐рд▓, ыВ┤ьКИы╣М, ┘Ж█М╪┤┘И█М┘Д╪М ┘╣█М┘Ж█М╪│█М, р╣Бр╕Щр╕Кр╕зр╕┤р╕ер╕ер╣М, Nashwil, ╒Ж╒е╒╖╒╛╒л╒м, уГКуГГуВ╖уГеуГУуГл, ╬Э╬м╧Г╬▓╬╣╬╗, Ne┼бvilis, Q23197, ┘Ж╪з╪┤┘Б┘К┘Д, Nashborough, BNA, USBNA, ╨Э╨░╤И╨▓╤Ц╨╗╨╗, French Lick, рдиреНрдпрд╛рд╕реНрднрд┐рд▓реНрд▓, ╨Э╨░╤И╨▓╨╕╨╗, Na┼бv─Чlis, ч║│ф╗Ач╗┤х░Ф, Ne┼Яvill, Nachville, ч┤НцоКч╢нчИ╛, Nashville-Davidson, рдиреНрдпрд╛рд╢реНрднрд┐рд▓, ╨Э╨░╤И╨▓╤Ц╨╗, ┘Ж╪з╪┤┘И┘Д█Т, ╨Э╨╡╤И╨▓╨╕╨╗, Na┼Эvilo, роиро╛ро╖рпНро╡ро┐ро▓рпН, ╨Э╤Н╤И╨▓╨╕╨╗╨╗, Nashboro, ╨Э╨░╤И╨▓╨╕╨╗╨╗, Na┼бvila, ржирзНржпрж╛рж╢ржнрж┐рж▓, рдирд╛рд╢реНрд╡рд┐рд▓реН, ╫а╫Р╫й╫Х╫Х╫Щ╫Ь, Nashfile, ┘Ж╪┤┘И█М┘Д",Tennessee,"36.16589,-86.78444",,,,,,,,,,,,,,,,,,,,,,,,,,,,,,,,,
recGsfcznQ0WCyWuk,2025-02-26T15:34:45.000Z,Bangkok,Thailand,TH,"Q1861, ╪и╪з┘Ж┌л┌й┘И┌й, р╜Фр╜Ур╝Лр╜Ар╜╝р╜В, ы░йь╜Х, уГРуГ│уВ│уВп, Bancocum, ╪и╪з┘Ж┘Г┘И┘Г, Siayuthia, Banghok, сЙгсКХсКосКн, Krungdeb, Bangk├▓k, Bankokas, рдмреИрдВрдХреЙрдХ, р╕Бр╕гр╕╕р╕Зр╣Ар╕Чр╕Юр╕бр╕лр╕▓р╕Щр╕Др╕г, ржЪрж╛ржВрз▒рж╛ржд ржмрзНржпрж╛ржВржХржХ, Bangkok Metropolis, M├аn-kuk, ╘▓╒б╒╢╒г╒п╒╕╒п, цЫ╝ш░╖, ╪и╪з┘Ж┌й┘И┌й, Bangkoka, BKK, сГСсГРсГЬсГТсГЩсГЭсГЩсГШ, римрйИриВриХри╛риХ, р┤мр┤╛р┤Щр╡Нр┤Хр╡Лр┤Хр╡Нр┤Хр╡Н, Bankoko, Banqkok, Bankok, Bancoque, Banguecoque, рдмреИрдВрдХрдХ, рдмрдБрдХреЙрдХ, ржмрзНржпрж╛ржВржХржХ, ╪и╪з┘Ж┌й█Ж┌й, ╫С╫Р╫а╫Т╫з╫Р╫з, ╨С╨░╨╜╨│╨║╨╛╨║, Banc├бc, ╨С╨░╨╜╨║╨╛╨║, ╪и┘Ж┌й╪з┌й, ╬Ь╧А╬▒╬╜╬│╬║╧М╬║, THBKK, ╪и╪з┘Ж┌п┘Г┘И┘Г, рокрпЗроЩрпНроХро╛роХрпН, ╨С╨░╥е╨║╨╛╨║, Krung Thep, ╫С╫а╫Т╫з╫Х╫з, р╢╢р╖Рр╢Вр╢Ър╖Ьр╢Ър╖К, р╕Бр╕гр╕╕р╕Зр╣Ар╕Чр╕Ю, р╕Бр╕гр╕╕р╕Зр╣Ар╕Чр╕Юр╕п, сАШсАФсА║сААсА▒сАмсААсА║сАЩсА╝сАнсАпсА╖, Changwat Phra Nakhon, The City of Angels, Krung Thep Maha Nakhon, р▓мр│Нр▓пр▓╛р▓Вр▓Хр▓╛р▓Хр│Н, Phra Nakhon, р║Ър║▓р║Зр║Бр║нр║Б, Amphoe Phra Nakhon",Bangkok,"13.75398,100.50144",765,Bangkok,Thailand,13.7668898,100.5437099,East Asia & Pacific,Upper middle income,"17,063,217",Y,8.584521501,3098.16336,114.6912133,9.412468889,57.21624,40.41930572,163.2749667,5.381637778,22.39859667,80.52244,47.54255,40.60847963,10,9,8,3,7,9,2,5,6,8,4,9
recIuneLAWPeJ4xY3,2025-02-26T15:34:45.000Z,Calgary,Canada,CA,"Kalqari, сГЩсГРсГЪсГТсГРсГасГШ, ┌й┘Д┌п╪▒█М, р▓Хр│Нр▓пр▓╛р▓▓р│Нр▓Чр▓░р▓┐, рдХреИрд▓рдЧрд░реА, сААсАЪсА║сАЬсА║сАВсАЫсАосАЩсА╝сАнсАпсА╖, CACAL, р░Хр░╛р░▓р▒Нр░Чр░░р▒А, ╬Ъ╬м╬╗╬│╬║╬▒╧Б╬╣, Kelgery, уВлуГлуВмуГкуГ╝, ╨Ъ╨░╨╗╨│╨░╤А╨╕, ┌й█М┘Д┌п╪▒█М, ╘┐╒б╒м╒г╒б╓А╒л, Calgaria, р╣Бр╕Др╕ер╕Бр╕░р╕гр╕╡, Kalgario, ╨Ъ╨░╨╗╨│╨░╤А╤Л, рдХреЕрд▓реНрдЧрд╛рд░реА, ╨Ъ╨░╨╗╨│╨░╤А╤Ц, хНбхКахИй, Kalgari, ь║Шъ▒░ыжм, хНбх░ФхКащЗМ, роХро╛ро▓рпНроХро░ро┐, Kalgaris, YYC, ╫з╫Ь╫Т╫и╫Щ, ┌й╪з┘Д┌п╪▒█М, ┘Г╪з┘Д╪║╪з╪▒┘К, риХрйИри▓риЧри░рйА",Alberta,"51.05011,-114.08529",55,Calgary,Canada,51.039687,-114.0703599,North America,High income,"1,192,934",Y,1053.42244,16.81613,1.379916667,0,63.43095,33.79149946,0,8.385673333,18.89570333,5.412466667,42.01113889,26.11176978,1,3,3,5,2,1,8,4,1,6,2,1
recM80NAtqDpbwdQk,2025-02-26T15:34:45.000Z,Los Angeles,United States,US,"El Pueblo del Rio de Nuestra Senora, ┘Д╪│ ╪в┘Ж╪м┘Д╪│, ╘╝╒╕╒╜ ╘▒╒╢╒╗╒е╒м╒е╒╜, Los Anjeles, Los Anj├йl├йs, Pueblo De Los Angeles, Los Anxheles, ро▓ро╛ро╕рпН роПроЮрпНроЪро▓ро╕рпН, р▓▓р▓╛р▓╕р│Н р▓Ор▓Вр▓Ьр▓▓р│Ар▓╕р│Н, ╨Ы╨╛╤Б ╨Р╨╜╙В╨╡╨╗╨╡╤Б, ц┤ЫцЭЙчЯ╢, р┤▓р╡Лр┤╕р╡Н р┤Жр┤Юр╡Нр┤Ър╡Жр┤▓р╡Жр┤╕р╡Н, Los-An─Эeleso, ╨Ы╨╛╤Б-╨Р╨╜╨┤╨╢╤Н╨╗╨╡╤Б, ╨Ы╨╛╤Б-╨Р╨╜╨┤╨╢╨╡╨╗╨╡╤Б, Cuidad De Los Angelos, ┘Д╪з╪│ ╪з█М┘Ж╪м┘Д╪│, La Reina de Los Angeles de Porciuncula, LAX, ┘Д┘И╪│ ╪з┘Ж╪м┘Д┘К╪│, ┘Д┘И╪│тАМ╪в┘Ж╪м┘Д╪│, Ciudad De los Angelos, Los And┼╛elas, ыбЬьКдьХдьадыаИьКд, ╨Ы╨╛╤Б-╨Р╨╜╨╢╨╡╨╗╨╡╤Б, ри▓ри╛ри╕ риРриВриЬри▓ри╕, ц┤ЫцЭЙчгп, сАЬсА▒сАмсА╖сАЕсА║сАбсАнсАФсА║сАВсА╗сАЪсА║сАЬсАнсАЕсА║сАЩсА╝сАнсАпсА╖, Q65, рд▓реЙрд╕ рдПрдВрдЬреЗрд▓реНрд╕, Lungsod ng Los Angeles, рд▓реЙрд╕ рдПрдВрдЬреЗрд▓рд┐рд╕, уГнуВ╡уГ│уВ╝уГлуВ╣, Pueblo Los Angelos, Os ├Бnxeles, Los And┼╛eles, ╨Ы╨╛╤Б ╨Р╨╜╤Т╨╡╨╗╨╡╤Б, ┘Д┘И╪│ ╪г┘Ж╪м┘Д┘И╪│, Los Anxhelos, ╨Ы╨╛╤Б ╨Р╨╜╨┤╤М╨╡╨╗╨╡╤Б, ╨Ы╨╛╤Б ╨Р╨╜╨╢╨╡╨╗╨╡╤Б, ┘Д█Ж╪│ ╪ж╪з┘Ж╪м┘Д█Х╪│, рд▓рд╛рд╕ рдПрдВрдЬрд▓рд╕, ╬Ы╬┐╧В ╬Ж╬╜╧Д╬╢╬╡╬╗╬╡╧В, ┘Д┘И╪│ ╪ж╪з┘Ж╪м█Р┘Д█Р╪│, ыбЬьКдьЧФьадыаИьКд, Los-Anceles, ┘Д╪│тАМ╪в┘Ж╪м┘Д╪│, рж▓рж╕ ржЕрзНржпрж╛ржЮрзНржЬрзЗрж▓рзЗрж╕, р░▓р░╛р░╕р▒Н р░Пр░Вр░Ьр░▓р▒Жр░╕р▒Н, ╫Ь╫Х╫б ╫Р╫а╫Т╫Ь╫б, рд▓рд╕ рдПрдЮреНрдЬрд┐рд▓рд╕, ╨Ы╨╛╤Б-╨Р╨╜╨╢╨╡╨╗╨╡╤Б ╤И╨░╨░╤А╤Л, Lo╠Нk-chh├бm-k├о, ╨Ы╨╛╤Б ╨Р╨╜╤Я╨╡╨╗╨╡╤Б, ╫Ь╫Р╫б ╫Р╫а╫У╫Ц╫й╫в╫Ь╫в╫б, USLAX, LA, ╨Ы╨╛╤Б ╨Р╨╜╥╖╨╡╨╗╨╡╤Б, ┘Д┘И╪│ ╪в┘Ж╪м┘Д╪│, Los ├Бngeles, Luos And┼╛els, ╨Ы╨╛╤Б-╨Р╨╜╤Я╨╡╨╗╨╡╤Б, Angelopolis, Los-Anjeles, сГЪсГЭсГб-сГРсГЬсГпсГФсГЪсГФсГбсГШ, р╕ер╕нр╕кр╣Бр╕нр╕Щр╣Ар╕Ир╕ер╕┤р╕к, ╨Ы╨╛╤Б ╨Р╨╜╨┤╨╢╨╡╨╗╨╕╤Б, ╨Ы╨╛╤Б ╨Р╨╜╨┤╨╢╨╡╨╗╨╡╤Б, Losand┼╛elosa, рд▓рд╕ рдПрдиреНрдЬрд▓рд╕, рк▓рлЛрк╕ ркПркирлНркЬрлЗрк▓рк╕, ьЧШьЧРьЭ┤, L.A., сИОсИ╡ сКасКХсМДсИМсИ╡",California,"34.05223,-118.24368",2,Los Angeles,United States,33.95381355,-117.9539253,North America,High income,"14,811,961",Y,229.08334,474.54032,14.14159889,0,51.18174,35.56777954,31.69832889,7.335077778,17.14586111,80.30517333,40.16348,53.63738802,3,5,3,1,4,3,6,3,6,4,6,4
recRg6eC2bKnjWLXM,2025-02-26T15:34:45.000Z,Dubai,United Arab Emirates,AE,"р░жр▒Бр░мр░╛р░пр▒Н, р╕Фр╕╣р╣Др╕Ъ, сГУсГгсГСсГРсГШ, D├║b├ж, родрпБрокрпИ, ╬Э╧Д╬┐╧Е╬╝╧А╬м╬╣, ╪п╪и┘К, Dubaj, ╘┤╒╕╓В╒в╒б╒╡╒л ╘╖╒┤╒л╓А╒╕╓В╒й╒╡╒╕╓В╒╢, уГЙуГРуВд, ржжрзБржмрж╛ржЗ, Dubay, Dibai, Doubayi, ╪п╪и█М, ╨Ф╤Г╨▒╨░╨╕, Dibay, ╪п╪и╪ж█М, ╪п┘И╪и█Х█М, ╪п█З╪и╪з╪ж┘Й, Dabei, Dubajus, рджреБрдмрдИ, Dubajo, Dub├бi, Dubaija, Duba├п, Q612, Dubayy, Fort Dabei, ыСРы░ФьЭ┤, ╨Ф╤Г╨▒╨░╨╣, ╨н╨╝╤Ц╤А╨░╤В ╨Ф╤Г╨▒╨░╨╣, AEDXB, DXB, Dubai City, Dubai emiraat, ╫У╫Х╫С╫Щ╫Щ, цЭЬцЛЬ, р▓жр│Бр▓мр│И, ╪п╪и┘Й, ш┐кцЛЬ, р┤жр╡Бр┤мр┤╛р┤пр╡Н, ╫У╫Х╫С╫Р╫Щ",Dubai,"25.07725,55.30927",487,Dubai,United Arab Emirates,25.22126099,55.3301766,Middle East & North Africa,High income,"4,013,765",Y,6.347450043,2997.315778,174.98295,72.72971667,89.21660444,44.0925713,46.32048222,8.50163,33.58562778,81.23161333,99.67663,24.48186411,10,10,10,9,9,4,8,9,6,10,2,10
recTrHByUgrwso1Lw,2025-02-26T15:34:45.000Z,Karachi,Pakistan,PK,"р░Хр░░р░╛р░Ър▒А, ╘┐╒б╓А╒б╒╣╒л, рдХрд░рд╛рдЪреА, р╕Бр╕▓р╕гр╕▓р╕Ир╕╡, ь╣┤ыЭ╝ь╣Ш, Karaczi, ┌к╪▒╪з┌Ж┘К, Karatxi, ржХрж░рж╛ржЪрзА, р▓Хр▓░р▓╛р▓Ър▓┐, KHI, сГЩсГРсГасГРсГйсГШ, ркХрк░рк╛ркЪрлА, уВлуГйуГ╝уГБуГ╝, Kara─Н─Чs, Q8660, уВлуГйуГБ, Karacsi, риХри░ри╛риЪрйА, Kara├зi, ┘Г╪з╪▒╪з╪к╪┤┘Й, Karanchi, Karaaji, р┤Хр┤▒р┤╛р┤Ър╡Нр┤Ър┤┐, ┌й█Х╪▒╪з┌Ж█М, ╫з╫и╫Р╫ж╫Щ, PKKHI, ┌й┘О╪▒┘▓┌Ж█М, ▐Ж▐ж▐Г▐з▐Ч▐й, Karatsji, рмХрм░рм╛рмЪрнА, Kar├б─Н├н, ╨Ъ╨░╤А╨░╤З╤Л, Kara─Нis, Kurrachee, сААсАЫсАмсАБсА╗сАнсАЩсА╝сАнсАпсА╖, Karochi, ┌й╪▒╪з┌Ж█М, Kurrachi, ╨Ъ╨░╤А╨░╤З╨╕, р╜Ар╝Лр╜вр╝Лр╜Жр╜▓, Kar├б─Нi, K╔Щra├зi, Kera├з├о, Carachi, Kara─Йio, ┘Г╪▒╪з╪к╪┤┘К, роХро░ро╛роЪрпНроЪро┐, Kar─Бchi, Kar─Б─Нi, сКисИлсЙ║, ╫з╫Р╫и╫Р╫Ш╫й╫Щ, ╨Ъ╨░╤А╨░╤З╤Ц, Kar├вchi, Karatschi, ╬Ъ╬▒╧Б╬м╧Д╧Г╬╣, ┘Г╪з╪▒╪з┌Ж┘Й, Karasi, ржХрз░рж╛ржЪрзА, хНбцЛЙхеЗ, хЦАцЛЙшЪй, Kara─Нi, pechs, Karaci, ┌й╪▒╪з┌Ж█Н",Sindh,"24.8608,67.0104",508,Karachi,Pakistan,24.89930801,67.07801037,South Asia,Lower middle income,"18,412,759",Y,37.39331,2386.667882,67.83653222,8.00924,57.5832,40.61130056,94.75512,7.387366667,16.53267556,85.34218889,100.3333333,33.28871709,9,8,8,3,7,7,6,2,6,10,3,7
recU5CO0y2RCVMdyC,2025-02-26T15:34:45.000Z,St Louis,United States,US,"╪│┘Ж╪к ┘Д┘И╪ж█М╪│, Sent Loisos, Mound City, ╫б╫а╫Ш ╫Ь╫Х╫Р╫Щ╫б, ьД╕ьЭ╕эК╕ыгиьЭ┤ьКд, Sentluisa, Pancore, Lacledes Village, STL, сГбсГФсГЬсГв-сГЪсГгсГШсГбсГШ, р╣Ар╕Лр╕Щр╕Хр╣Мр╕лр╕ер╕╕р╕вр╕кр╣М, St. Louis, City of Saint Louis, р░╕р▒Жр░пр░┐р░Вр░Яр▒Н р░▓р▒Вр░пр░┐р░╕р▒Н, Saint Louis, Urbs Sancti Ludovici, хЬгш╖пцШУцЦп, Saint-Louis, Pain Court, Saint Louis City, San Luis, ╬г╬▒╬╣╬╜╧Д ╬Ы╬┐╧Н╬╣╧В, ╪│╪з┘Ж╪к ┘Д┘И┘К╪│, роЪрпЖропро┐ройрпНроЯрпН ро▓рпВропро┐ро╕рпН, Sankta Luiso, р▓╕р│Ир▓Вр▓Яр│Н р▓▓р│Вр▓пр▓┐р▓╕р│Н, уВ╗уГ│уГИуГлуВдуВ╣, ╨б╨╡╨╣╨╜╤В ╨Ы╤Г╨╕╤Б, ╨б╨╡╨╜╤В-╨Ы╤Г╨╕╤Б, Saint Lewis, Sent Luisas, Sent-Luis, USSTL, Sint-Louis, ╨б╨╡╨╜╤В ╨Ы╤Г╨╕╤Б, ╨б╨╡╨╜╤В-╨Ы╤Г╤Ц╤Б, ╨б╨╡╨╜╤В-╨Ы╤Г╤Ч╤Б, ╪│█М┘Ж┘╣ ┘Д┘И╪ж╪│, рд╕реЗрдВрдЯ рд▓реБрдИрд╕",Missouri,"38.62727,-90.19789",,,,,,,,,,,,,,,,,,,,,,,,,,,,,,,,,
recVDH5vo0xCksK8Y,2025-02-26T15:34:45.000Z,Can Tho,Vietnam,VN,"уВлуГ│уГИуГ╝, Cс║зn Th╞б, VCA, шК╣шЛ┤х╕В, Kan Tho, VNVCA, Th├аnh phс╗С Cс║зn Th╞б",Can Tho,"10.03711,105.78825",851,Can Tho,Vietnam,10.04586134,105.7531941,East Asia & Pacific,Lower middle income,"947,881",N,6.899176,2728.477067,29.17034,0,74.49855556,37.06398549,260.4202133,7.21182,31.75667778,135.5894,42.63740889,54.52116542,10,6,3,7,5,10,6,8,8,6,6,10
recVxJDSLPbXkXSW6,2025-02-26T15:34:45.000Z,New York,United States,US,"р╕Щр╕Др╕гр╕Щр╕┤р╕зр╕вр╕нр╕гр╣Мр╕Б, ржирж┐ржЙ ржЗржпрж╝рж░рзНржХ рж╕рж┐ржЯрж┐, ╫а╫Щ╫Х ╫Щ╫Х╫и╫з, Nov-Jorko, Big Apple, ┼Еujorka, Bandar Raya New York, Aebura, Cathair Nua-Eabhrac, New York City, ╨К╤Г ╨И╨╛╤А╨║, Nova Iorque, ╨Э╤О ╨Щ╨╛╤А╨║, рдиреНрдпреВрдпреЙрд░реНрдХ, New Yorc, Neu Jorck, City of New York, ыЙ┤ьЪХ, уГЛуГеуГ╝уГиуГ╝уВп, Lungsod ng New York, Ga-no-no, The Big Apple, ыЙ┤ьЪХ ьЛЬ, Neu Amsterdam, уГЮуГ│уГПуГГуВ┐уГ│, Nova-York, ╨К╤Г╤Ш╨╛╤А╨║, Kanono, ╨Э╤М╤О-╨Б╤А╨║, Eabhraig Nuadh, New Amsterdam, ┘Ж█М┘И█М╪з╪▒┌й ╪┤█Б╪▒, USNYC, N├╜ja J├│rv├нk, Niujorkas, NYC, Efrog Newydd, ┘Ж█М┘И█М┘И╪▒┌й, NY, Nyu York Shehiri, ╒Ж╒╡╒╕╓В ╒Е╒╕╓А╓Д, ч┤Рч┤Дх╕В, New Orange, ╫а╫Щ╫Х ╫Щ╫Р╫и╫з, ╬Э╬н╬▒ ╬е╧М╧Б╬║╬╖, Nowy Jork, роиро┐ропрпВропро╛ро░рпНроХрпН роироХро░роорпН, Nueva York, Nova York, ╫а╫Щ╫Х╓╛╫Щ╫Р╓╕╫и╫з, Nei Yarrick Schtadt, New York borg, ч┤Рч┤Д, Nouvieau York, Nova Amsterda, New Yorke, Novjorko, ┘Ж┘К┘И┘К┘И╪▒┘Г, Th├аnh phс╗С New York, ╨Э╤М╤О-╨Щ╨╛╤А╨║, Evrek Nowydh, New Yorku, сГЬсГШсГг-сГШсГЭсГасГЩсГШ, Njujork, Nua-Eabhrac, Kan├│n:no, Q60, New York Stad, Kota New York, New York kenti, ╒Ж╒л╓В ╘╡╒╕╓А╓Д, Novum Eboracum, N├▓va York, Nouvelle Yorck, York Berri, New York-borg",New York,"40.71427,-74.00597",119,New York,United States,40.77321423,-73.88090455,North America,High income,"16,497,127",Y,2.571228,434.0805467,4.279965556,0,65.66034,36.2212808,31.39752889,8.129913333,16.12367333,66.67794889,42.65280556,67.43475953,3,4,3,5,4,3,7,2,4,6,8,10
recXnxpOabthOhl3j,2025-02-26T15:34:45.000Z,Berkeley,United States,US,"уГРуГ╝уВпуГкуГ╝, р┤мр╡╝р┤Хр╡Нр┤Хр┤┐р┤▓р┤┐, рдмрд░реНрдХреЗрд▓реА, ╪и╪▒┌й┘Д╪ж█М╪М ┌й╪з┘Д█М┘Б┘И╪▒┘Ж█М╪з, рокрпЖро░рпНроХрпНро▓ро┐, ╨С╨╡╤А╨║╨╗╨╕_, ╨С╤Н╤А╨║╨╗╨╕, ╪и┘К╪▒┘Г┘К┘Д┘К, р░мр░░р▒Нр░Хр░┐р░▓р▒А, ╪и┘О╪▒┌й┘Р┘Д█М, р╣Ар╕Ър╕┤р╕гр╣Мр╕Бр╕ер╕╡р╕вр╣М, ╪и╪▒┌й┘Д█Т, сГСсГФсГасГЩсГЪсГШ, р▓мр▓░р│Нр▓Хр│Жр▓▓р▓┐, JBK, ╒К╒е╓А╓Д╒м╒л ╓Д╒б╒▓╒б╓Д, ╫С╫и╫з╫Ь╫Щ, ркмрк░рлНркХрк▓рлЗ, Berkeleia, ╪и╪▒┌й┘Д┘К, ╨С╨╡╤А╨║╨╗╤Ц, ╪и╪▒┌й┘Д█М╪М ┌й╪з┘Д█М┘Б╪▒┘Ж█М╪з, USJBK, Q484678, рдмрд░реНрдХреНрд▓реА, Berklis, ы▓ДэБ┤ыжм, Berkli, цЯПхЕЛшРК, ╪и┘К╪▒┘К┘Г┘Д┘Й, уГРуГ╝уВпуГмуГ╝, ржмрж╛рж░рзНржХрж▓рзЗ, ╘▓╒е╓А╒п╒м╒л, ╬Ь╧А╬н╧Б╬║╬╗╬╣, B─Уrkli, ╨С╤К╤А╨║╨╗╨╕, рдмрд░реНрдХрд▓реА, ╨С╨╡╤А╨║╨╗╨╕, Tsiiyog Hadahod├н├н┼Вdl├бd├н, р╢╢р╢╗р╖Кр╢Ър╢╗р╖Кр╢╜р╖Т, ф╝пхЕЛхИй",California,"37.87159,-122.27275",,,,,,,,,,,,,,,,,,,,,,,,,,,,,,,,,
recYHIyoVj1s9cUUh,2025-02-26T15:34:45.000Z,El Paso,United States,US,"ржПрж▓ ржкрзНржпрж╛рж╕рзЛ, ╨Х╨╗╤М-╨Я╨░╤Б╨╛, ╬Х╬╗ ╬а╬м╧Г╬┐, ╪з┘Д ┘╛╪з╪│┘И, Concordia, ╘╖╒м ╒К╒б╒╜╒╕, Franklin, ╨Х╨╗ ╨Я╨░╤Б╨╛, ELP, сГФсГЪ-сГдсГРсГбсГЭ, ьЧШэМиьЖМ, Magoffinsville, ╪з█М┘Д ┘╛╪з╪│┘И, ╪е┘Д ╪и╪з╪│┘И, Passus, El-Paso, сГФсГЪ-сГЮсГРсГбсГЭ, рдПрд▓ рдкреЕрд╕реЛ, шЙ╛чИ╛х╕Хч┤в, ╨н╨╗╤М-╨Я╨░╤Б╨░, р╣Ар╕нр╕ер╣Бр╕Юр╣Вр╕Л, El Pasas, Elpaso, уВиуГлуГ╗уГСуВ╜, ╨н╨╗╤М-╨Я╨░╤Б╨╛, USELP, ╫Р╫Ь ╫д╫Р╫б╫Х",Texas,"31.75872,-106.48693",,,,,,,,,,,,,,,,,,,,,,,,,,,,,,,,,
recYaQ9ViWrvDrhGw,2025-02-26T15:34:45.000Z,Surat,India,IN,"STV, INKAP, INSTV, S┼лrat, Suratas, рк╕рлБрк░ркд, Surato, ╨б╤Г╤А╨░╤В, Surate, рж╕рзБрж░рж╛ржд, рд╕реБрд░рдд, шЛПцЛЙчЙ╣, Q4629, уВ╣уГ╝уГйуГИ",Gujarat,"21.19594,72.83023",539,Surat,India,21.1772905,72.75651687,South Asia,Lower middle income,"6,481,676",Y,4.7542,2530.6663,13.85415667,0,78.59264778,37.15401293,168.0453433,8.276366667,22.73878,157.2285022,70.23328,84.9351806,9,5,3,8,5,9,8,5,8,10,10,10
recaAmluKqmlsjvMg,2025-02-26T15:34:45.000Z,Seoul,South Korea,KR,"S├к├╗l, KRSEL, уВ╜уВжуГлчЙ╣хИех╕В, S├╢ul, ╪│█М┘И┘Д, сЮЯсЯБсЮвсЯКсЮ╝сЮЫ, ╪│█О╪ж┘И┘Д, ╨б╙й╥п╨╗, Seol, Seoul-si, ╬г╬╡╬┐╧Н╬╗, ╫б╫Р╫Х╫Ь, щжЦх░ФчЙ╣хИлх╕В, Sye-ul, Syou-ouen, сАЖсАнсАпсА╕сАЬсА║сАЩсА╝сАнсАпсА╖, Soul, р┤╕р╡Лр╡╛, ╪│█Р╪ж┘И┘Д, Se├╝l, р╣Вр╕Лр╕е, щжЦх░Ф, щжЦчИ╛, ьДЬьЪ╕ьЛЬ, Se├║l, Seulo, S┼Пul, ╒Н╒е╒╕╓В╒м, Hanyang, роЪро┐ропрпЛро▓рпН, S├йoul, Seula, Wang-ching, рд╕реЛрд▓, эХЬьД▒, р╜жр╜║р╝Лр╜ир╜┤р╜гр╝Н, ╨б╨╡╤Г╨╗, Siul, Seulas, р▓╕р│Мр▓▓р│Н, ьДЬьЪ╕, ╪│╪ж┘И┘Д, ╨б╨╛╤Г╨╗, Q8684, Seulum, Seul, SEL, Sz├╢ul, ╪│┘К┘И┘Д, уВ╜уВжуГл, Seoel, ьДЬьЪ╕эК╣ы│ДьЛЬ, ╫б╫в╫Р╫Ь, сГбсГФсГгсГЪсГШ, W┼Н-j┼Н, рд╕рд┐рдпреЛрд▓, ╫б╫Щ╫Р╫Х╫Ь, рж╕рж┐ржЙрж▓, эХЬьЦС, ъ▓╜ьД▒, сИ╢сИН, Sol",Seoul,"37.566,126.9784",921,Seoul,South Korea,37.47555477,126.9243735,East Asia & Pacific,High income,"22,489,725",Y,83.720172,505.6663711,1.629526667,0,65.94231,34.52913618,36.78972444,7.037924444,23.76354667,73.18577778,39.93996778,109.3233753,3,3,3,6,3,4,5,6,4,4,10,6
recbxUUzdRLKJ40vb,2025-02-26T15:34:45.000Z,Pittsburgh,United States,US,"Allegheny, ╨Я╤Ц╤В╤В╤Б╨▒╤Г╤А╨│, ╨Я╤Ц╤В╤Б╨▒╤Г╤А╨│, ╨Я╨╕╤В╤Б╨▒╤К╤А╨│, ╫д╫Щ╫Ш╫б╫С╫Х╫и╫Т, ╪и┘К╪к╪│╪и╪▒╪║, Fort Dunmore, Pitts-Bourg, PIT, рикри┐риЯри╕римри░риЧ, ┘╛┘╣╪│╪и╪▒┌п, уГФуГГуГДуГРуГ╝уВ░, Pittsburgum, ╬а╬п╧Д╧Г╬╝╧А╬╡╧Б╬│╬║, ╨Я╨╕╤В╤Б╨▒╤Г╤А╨│, ╨Я╨╕╤В╤В╤Б╨▒╤Г╤А╨│, хМ╣хЕ╣хаб, Fort Pitt, Pitsburgo, рдкрд┐рдЯреНрд╕рдмрд░реНрдЧ, Pitsburga, Pittsburq, хМ╣шМ▓хаб, Fort Trent, Pitsburgas, ┘╛█М╪к╪│╪и╪▒┌п╪М ┘╛┘Ж╪│█М┘Д┘И╪з┘Ж█М╪з, рокро┐роЯрпНро╕рпНрокро░рпНроХрпН, Fort Duquesne, Pittsbarig, Pittsburg, The Manor of Pittsburgh, эФ╝ь╕аы▓Дъ╖╕, р░кр░┐р░Яр▒Нр░╕р▒НтАМр░мр░░р▒Нр░Чр▒Н, р▓кр▓┐р▓Яр│Нр▓╕р│НтАМр▓мр▓░р│Нр▓Чр│Н, USPIT, р╕Юр╕┤р╕Хр╕Хр╣Мр╕кр╣Ар╕Ър╕┤р╕гр╣Мр╕Б, ┘╛┘╣╪│ ╪и╪▒┌п",Pennsylvania,"40.44062,-79.99589",102,Pittsburgh,United States,40.41596736,-79.97203034,North America,High income,"715,916",Y,344.7807847,316.1972,6.620782222,0,62.56667667,37.28851456,16.12413,9.104313333,13.69284444,66.40396,39.7802,50.80445121,2,4,3,5,5,2,9,1,4,4,6,3
recccrsDPt6a8X8hq,2025-02-26T15:34:45.000Z,Jakarta,Indonesia,ID,"х╖┤ш╛╛хиБф║Ъ, Sakata, Xhakarta, ╨Ф╨╢╨░╨║╨░╤А╤В├ж, Giacarta, шА╢хКащБФ, щЫЕхКащБФ, Djakarta, Xacarta, Cakarta, сГпсГРсГЩсГРсГасГвсГР, рмЬрм╛рмХрм░рнНрмдрм╛, Djogkarta, ╪м╪з┌й╪з╪▒╪к╪з, Q3630, ркЬрк╛ркХрк╛рк░рлНркдрк╛, ьЮРь╣┤ые┤эГА, Jogkarta, New York Van Java, ╨П╨░╨║╨░╤А╤В╨░, ╫У╫Ц╫й╫Р╫з╫Р╫и╫Ш╫Р, Jakart├и, Dki Jakarta, ╫Т'╫з╫и╫Ш╫Ф, JKT, ╨Ц╨░╨║╨░╤А╤В╨░, Ng├в-k├в-tha╠Нt S├║-t├╗ Thi╠Нt-kh├о, Iacarta, Jayakarta, ╬д╬╢╬▒╬║╬м╧Б╧Д╬▒, ╨Ф╤М╨░╨║╨░╤А╤В╨░, D┼╛akarta, риЬриХри╛ри░ридри╛, Big Durian, ржЬрж╛ржХрж╛рж░рзНрждрж╛, Daerah Khusus Ibukota Jakarta, р░Ьр░Хр░╛р░░р▒Нр░др░╛, Batavia, р╕Ир╕▓р╕Бр╕▓р╕гр╣Мр╕Хр╕▓, щЫЕхКаш╛╛, Yakarta, ╪м┌й╪з╪▒╪к█Б, уВ╕уГгуВлуГлуВ┐, сАВсА╗сААсАмсАРсАмсАЩсА╝сАнсАпсА╖, роЬроХро╛ро░рпНродрпНродро╛, сЮЕсЮ╢сЮАсЮ╢сЮЪсЮПсЮ╢, Yajgyadaz, D┼╝akarta, IDJKT, хЛ┐чдБч╢н, Iac├бrta, Jacarta, ╨Ф╨╢╨░╨║╨░╤А╤В╨░, Koningin van het Oosten, Sunda Kelapa, ╒Л╒б╒п╒б╓А╒┐╒б, ╪м╪з┘Г╪з╪▒╪к╪з, рдЬрдХрд╛рд░реНрддрд╛, сМГсКлсИнсЙ│, р▓Ьр▓Хр▓╛р▓░р│Нр▓д, ╪м┌й╪з╪▒╪к╪з, уГРуВ┐уГ┤уВгуВв, ─Ьakarto, р╜Кр╝Лр╜Бр╜вр╝Лр╜Пр╝Н, р┤Ьр┤Хр╡Нр┤Хр┤╛р╡╝р┤др╡Нр┤д, хЛ┐чдБч╗┤, Sundapura",Jakarta,"-6.21462,106.84513",873,Jakarta,Indonesia,-6.380746725,106.852957,East Asia & Pacific,Upper middle income,"39,002,598",Y,80.17977691,2407.96906,1.373956667,0,106.4570222,34.64404909,355.8976667,13.15380111,15.5191,241.5973,37.63437111,34.8115109,9,3,3,10,3,10,10,2,9,2,3,6
receeEgEA35rPTOB6,2025-02-26T15:34:45.000Z,Philadelphia,United States,US,"┘Б█М┘Д╪з╪п┘Д┘Б█М╪з, ┘Б┘Д╪з┌И█М┘Д┘Б█М╪з╪М ┘╛┘Ж╪│┘Д┘И╪з┘Ж█М╪з, сЮЧсЮ╕сЮбсЮ╢сЮКсЯБсЮЫсЮХсЯТсЮЩсЮ╢, Ga-na-ta-jen-go-na, рокро┐ро▓роЯрпЖро▓рпНрокро┐ропро╛, Filadelfia, Tsi wahsw├иn:to Tekahs├│:ken, ╨д╨╕╨╗╨░╨┤╨╡╨╗╤М╤Д╨╕╨╣, р┤лр┤┐р┤▓р┤бр╡Жр╡╜р┤лр┤┐р┤п, уГХуВгуГйуГЗуГлуГХуВгуВв, ржлрж┐рж▓рж╛ржбрзЗрж▓ржлрж┐ржпрж╝рж╛, PHL, сНКсИЛсЛ┤сИНсНКсЛл, рдлрд┐рд▓рд╛рдбреЗрд▓реНрдлрд┐рдпрд╛, ╫д╫Щ╫Ь╫Р╫У╫в╫Ь╫д╫Щ╫в, ╨д╨╕╨╗╨░╨┤╨╡╨╗╤М╤Д╨╕, Filadelfio, ┘Б┘Д╪з┌И█М┘Д┘Б█М╪з, р╕Яр╕┤р╕ер╕▓р╣Ар╕Фр╕ер╣Ар╕Яр╕╡р╕в, Filad├иlfia, ╨д╨╕╨╗╨░╨┤╨╡╨╗╤М╤Д╨╕╤П, ╨д╤Ц╨╗╨░╨┤╤Н╨╗╤М╤Д╤Ц╤П, Philadelphie, Filadelfi, Fi-s├аng, р░лр░┐р░▓р░бр▒Жр░▓р▒Нр░лр░┐р░пр░╛, USPHL, ┘Б█М┘Д╪з╪п┘Д┘Б█М╪з╪М ┘╛┘Ж╪│█М┘Д┘И╪з┘Ж█М╪з, ╫д╫Щ╫Ь╫У╫Ь╫д╫Щ╫Ф, ╨д╨╕╨╗╨░╨┤╨╡╨╗╤Д╨╕╨░, ┘Б┘К┘Д╪з╪п┘Д┘Б┘К╪з, Filadelfija, ╨д╨╕╨╗╨░╨┤╨╡╨╗╤Д╨╕╤Ш╨░, Filadelfiya, ╬ж╬╣╬╗╬▒╬┤╬н╬╗╧Ж╬╡╬╣╬▒, ш▓╗хЯО, Filadelfii, р▓лр▓┐р▓▓р▓бр│Жр▓▓р│Нр▓лр▓┐р▓пр▓╛, Filadelfi├д, Filadelfijo, ╨д╨╕╨╗╨░╨┤╨╡╨╗╤Д╨╕╤П, сАЦсАосАЬсАмсАТсА▓сАЬсА║сАЦсАосА╕сАЪсАмсА╕сАЩсА╝сАнсАпсА╖, Philly, эХДыЭ╝ыН╕эФ╝ьХД, Filad├йlfia, сГдсГШсГЪсГРсГУсГФсГЪсГдсГШсГР, ш┤╣хЯО, рклрк┐рк▓рк╛ркбрлЗрк▓рлНрклрк┐ркпрк╛, Filad├йlfiye, Coaquannock, ╨д╤Ц╨╗╨░╨┤╨╡╨╗╤М╤Д╤Ц╤П, ╒Ц╒л╒м╒б╒д╒е╒м╓Ж╒л╒б, Phila, рилри╝ри┐ри▓ри╛рибрйИри▓рилри╝рйАриЖ, Filadelfie, Quequenakee, Q1345",Pennsylvania,"39.95238,-75.16362",113,Philadelphia,United States,39.90704662,-75.23605793,North America,High income,"3,296,068",Y,1.581560344,567.82334,13.52315333,1.498816667,60.91722667,39.42903935,41.94472222,7.742216667,14.30131667,73.33868222,41.71746333,63.68454007,3,5,6,4,7,4,7,1,5,5,8,10
recfE9DOCEehhu3Pu,2025-02-26T15:34:45.000Z,Boulder,United States,US,"╨С╨╛╤Г╨╗╨┤╨╡╤А, ╫С╫Х╫Ь╫У╫и, р╣Вр╕Ър╕ер╣Ар╕Фр╕нр╕гр╣М, ╨С╨╛╤Г╨╗╨┤╤К╤А, ы│╝ыНФ, уГЬуГлуГАуГ╝, ц│вх╛╖, ╪и┘И┘Д┌И╪▒╪М ┌й┘И┘Д┘И╪▒╪з┌И┘И, рдмреЛрд▓реНрдбрд░, WBU, USWBU, ╪и┘И┘Д╪п╪▒, рдмрд╛рдЙрд▓реНрдбрд░, ╪и┘И┘Д╪п╪▒╪М ┌й┘Д╪▒╪з╪п┘И, ╨С╨╛╨╗╨┤╨╡╤А",Colorado,"40.01499,-105.27055",,,,,,,,,,,,,,,,,,,,,,,,,,,,,,,,,
recfjXQQHB17Y7Sdo,2025-02-26T15:34:45.000Z,Chicago,United States,US,"─Иikago, Chi-k├в-k├┤, ╪┤█М┌й╪з┌п█Ж, Tsikago, Chicagu, ьЛЬь╣┤ъ│а, шКЭхКахУе, сИ║сКлсМО, Sikago, ╫й╫Щ╫з╫Т╫Х, Q1297, с╣в├мk├бg├▓, р▓╢р▓┐р▓Хр▓╛р▓Чр│К, Kikako, ┼Юikago, CHI, Sicagum, ├Зikaqo, р┤╖р┤┐р┤Хр╡Нр┤Хр┤╛р┤Чр╡Л, ╪┤┘К┘Г╪з╪м┘И, E-Chicago, ─Мik─Бga, р╕Кр╕┤р╕Др╕▓р╣Вр╕Б, Shikago, ╪┤█М┌й╪з┌п┘И, Chikago, ─Мikago, ╨з╨╕╨║╨░╥С╨╛, ─М─Чkaga, Cikago, сУ░сЦДсСп, уВ╖уВлуВ┤, ╨з╤Л╨║╨░╨│╨░, ╒Й╒л╒п╒б╒г╒╕, The Windy City, ╫й╫Щ╫з╫Р╫Т╫Р, ╪┤┌й╪з┌п┘И, р░Ър░┐р░Хр░╛р░Чр▒Л, сАЫсА╛сАосААсАмсАВсАнсАпсАЩсА╝сАнсАпсА╖, сГйсГШсГЩсГРсГТсГЭ, Windy City, ╨з╨╕╨║╨░╨│╨╛, рд╢рд┐рдХрд╛рдЧреЛ, роЪро┐роХро╛роХрпЛ, ▄л▄Э▄й▄У▄Ш, ─Мikaga, ╬г╬╣╬║╬м╬│╬┐, ЁРНГЁРМ╛ЁРМ╣ЁРМ║ЁРМ░ЁРМ▓ЁРНЙ, ╪┤┘К┘Г╪з╪║┘И, рж╢рж┐ржХрж╛ржЧрзЛ, USCHI, ├Зikago, ри╕ри╝ри┐риХри╛риЧрйЛ",Illinois,"41.85003,-87.65005",87,Chicago,United States,41.79396274,-87.82253727,North America,High income,"7,037,403",Y,190.6356355,431.6656878,14.75220667,1.504773333,71.31767556,37.47311141,34.00025556,8.049004444,23.01814,69.65072333,41.10014444,43.88198435,3,5,6,7,5,3,7,5,4,5,5,4
recglILwLCPOQMFrS,2025-02-26T15:34:45.000Z,Kyoto,Japan,JP,"ржХрж┐ржпрж╝рзЛржЯрзЛ, ╨Ъ╤Ш╨╛╤В╨╛, р╜Бр╜║р╜бр╜╝р╝Лр╜Рр╛▓р╜╝р╝Н, Kioto, ╨Ъ╤Ц╨╛╤В╨╛, р╢Ър╖Кр╢║р╖Эр╢нр╖Э, ▄й▄Э▄Ш▄Ы▄Ш, ╫з╫Щ╫Р╫Ш╫Р, ┘Г┘К┘И╪к┘И, ┌й█М┘И╪к┘И, рдХреНрдпреЛрддреЛ, ф║мщГ╜, Ky┼Нto-shi, ╘┐╒л╒╕╒┐╒╕, риХри┐риУридрйЛ, уБНуВЗуБЖуБиуБЧ, Kyotu, Kyotum, ┌й█М┘И┘╣┘И, ╫з╫Щ╫Х╫Ш╫Х, уВнуГзуВжуГИ, ╨Ъ╤С╤В╨╛, ъ╡РэЖа ьЛЬ, Kjoto, рдХреНрдпреЛрдЯреЛ, JPUKY, UKY, Kj├│to, р┤Хр╡Нр┤пр╡Лр┤др╡Нр┤др╡Л, Lungsod ng Kyoto, Ky┼Нto, сГЩсГШсГЭсГвсГЭ, р╣Ар╕Др╕╡р╕вр╕зр╣Вр╕Хр╕░, K─Чjuots, Kiot├│, Quioto, ╬Ъ╬╣╧М╧Д╬┐, ╨Ъ╤Ц╤С╤В╨░, KiaтБ┐-to═Ш-chh─л, Kiotas, сААсА╗сАнсАпсАРсАнсАпсАЩсА╝сАнсАпсА╖, ╨Ъ╨╕╨╛╤В╨╛, ф║мщГ╜х╕В, роХро┐ропрпЛродрпНродрпЛ",Kyoto,"35.02107,135.75385",,,,,,,,,,,,,,,,,,,,,,,,,,,,,,,,,
rechm8RYU6MZPuQzv,2025-02-26T15:34:45.000Z,Tokyo,Japan,JP,"╨в╨╛╨║╨╕╨╛, цЭ▒ф║м, Toki├│, ╪к┘И┘Г┘К┘И, сГвсГЭсГЩсГШсГЭ, ╪╖┘И┘Г┘К┘И, Toquio, р╣Вр╕Хр╣Ар╕Бр╕╡р╕вр╕з, ╨в╨╛╨║╤Ц╨╛, Edo, Tocio, ▄Ь▄Ш▄Я▄Э▄Ш, TYO, ╫Ш╫Х╫з╫Щ╫Х, цЭ▒ф║мщГ╜, рдЯреЛрдХреНрдпреЛ, ╬д╧М╬║╬╣╬┐, ыПДь┐Д, ф╕Ьф║м, Q1490, JPTYO, Tokio, роЯрпЛроХрпНроХро┐ропрпЛ, T├│k├╜├│, T┼Нky┼Н, ыПЩъ▓╜, ╪к┘И┌й█М┘И, T├│quio, Tochiu, ▄Ы▄Ш▄Я▄Э▄Ш, T├▓quio, ржЯрзЛржХрж┐ржУ, Tokijas, ╒П╒╕╒п╒л╒╕, Tokija",Tokyo,"35.6895,139.69171",986,Tokyo,Japan,35.68148131,139.649416,East Asia & Pacific,High income,"33,554,377",Y,38.8976,579.35566,9.16688,0,49.69149333,35.99767824,44.89780222,5.273506667,27.10299,63.63990444,38.73596,76.46963669,3,5,3,1,4,4,2,7,3,3,9,7
reciEWQ8YoBUl5xv3,2025-02-26T15:34:45.000Z,Honolulu,United States,US,"USHNM, Gana-Rura, р▓╣р│Кр▓ир│Кр▓▓р│Бр▓▓р│Б, цкАщжЩх▒▒, ╨У╨╛╨╜╨╛╨╗╤Г╨╗╤Г, Honolul├║, ╒А╒╕╒╢╒╕╒м╒╕╓В╒м╒╕╓В, сАЯсАнсАпсАФсАнсАпсАЬсА░сАЬсА░сАЩсА╝сАнсАпсА╖, ╥║╨╛╨╜╨╛╨╗╤Г╨╗╤Г, █Б┘И┘Ж┘И┘Д┘И┘Д┘И, ┘З┘И┘Ж┘И┘Д┘И┘Д┘И, эШ╕ыЖАыг░ыги, The Big Pineapple, сИЖсКЦсИЙсИЙ, Honol├║l├║, рд╣реЛрдирд╛рд▓реБрд▓реБ, Gana-ruru, ╫Ф╫Р╫а╫Р╫Ь╫Х╫Ь╫Х, Ganaruru, ро╣рпКройро▓рпБро▓рпБ, Big Pineapple, Honoruru, █Б┘И┘Ж┘И┘Д┘И┘Д┘И╪М █Б┘И╪з╪ж█М, Anorourou, уГЫуГОуГлуГл, рж╣ржирзБрж▓рзБрж▓рзБ, рд╣реЛрдиреЛрд▓реВрд▓реВ, рд╣реЛрдиреЛрд▓реБрд▓реБ, Hana-Rura, р╣Вр╕ор╣Вр╕Щр╕ер╕╣р╕ер╕╣, Ganaruro, USHNL, рж╣ржирж▓рзБрж▓рзБ, ╬з╬┐╬╜╬┐╬╗╬┐╧Е╬╗╬┐╧Н, сГ░сГЭсГЬсГЭсГЪсГгсГЪсГг, ╫Ф╫Х╫а╫Х╫Ь╫Х╫Ь╫Х, рм╣рмирм▓рнБрм▓рнБ, Hana-ruru, Gonolulu, рд╣рд╛рдирд▓реВрд▓реВ, Th├аn-hi├┤ng-s├вn, ╨У╨░╨╜╨░╨╗╤Г╨╗╤Г, HNL, ╨е╨╛╨╜╨╛╨╗╤Г╨╗╤Г, Honolulo, Honoloulou, р╜зр╜╝р╝Лр╜Ур╜╝р╝Лр╜гр╜┤р╝Лр╜гр╜┤р╝Н",Hawaii,"21.30694,-157.85833",0,Honolulu,United States,21.34067769,-157.8934967,North America,High income,"543,286",Y,1,1253.623667,0,0,56.96797111,28.96243286,79.09485889,3.501905556,39.87438778,289.12244,51.58850556,36.26863205,5,1,3,3,1,7,1,9,10,9,4,10
reciZwJDJWDJu41md,2025-02-26T15:34:45.000Z,Yangon,Myanmar,MM,"Rangoon, ╨а╨░╨╜╨│╤Г╨╜, ├Эangon, ╬У╬╣╬▒╬╜╬│╬║╧М╬╜, р┤пр┤Вр┤Чр╡Лр╡║, р░пр░╛р░Вр░Чр▒Лр░ир▒Н, сГШсГРсГЬсГТсГЭсГЬсГШ, уГдуГ│уВ┤уГ│, ╪▒┘Ж┌п┘И┘Ж, RGN, ьЦСъ│д, ржЗржпрж╝рж╛ржВржЧрзБржи, Jangona, Jangon, Jang├║n, ╨И╨░╨╜╨│╨╛╨╜, рдпрд╛рдВрдЧреВрди, ┘К╪з┘Ж╪║┘И┘Ж, рд░рдЩреНрдЧреВрди, Q37995, сАЫсАФсА║сААсАпсАФсА║сАЩсА╝сАнсАпсА╖, Rang├║n, ╨п╨╜╨│╨╛╨╜, р╜бр╜Др╝Лр╜Ар╜╝р╜Др╝Лр╝Н, Rangon, сЮЩсЯЙсЮ╢сЯЖсЮДсЮасЯТсЮВсЮ╝сЮУ, ропроЩрпНроХрпЛройрпН, MMYAN, ф╗░хЕЙ, Rang┼лnas, Rangoun, ри░рй░риЧрйВрии, ╫Щ╫Р╫а╫Т╫Х╫Я, Yangjgvangh, Rangum, ╨п╨╜╨│╨╛╨╜ ╤Е╨╛╤В, Dagon, ╒Е╒б╒╢╒г╒╕╒╢, Jangono, █М╪з┘Ж┌п┘И┘Ж, рд░рдЩреНрдЧреБрди, MMRGN, Yang├┤n, сЛлсКХсМОсКХ, Ngi├│ng-k├┤ng, Yanqon, р╕вр╣Ир╕▓р╕Зр╕Бр╕╕р╣Йр╕З, Rangun",Yangon,"16.80528,96.15611",744,Yangon,Myanmar,16.86997966,96.148838,East Asia & Pacific,Lower middle income,"5,692,856",Y,30.340424,2744.32645,110.4642222,25.82352778,51.95675111,42.70962604,211.6810522,4.481795556,28.82970667,159.2723911,37.39008556,62.27059064,10,9,9,1,8,9,1,8,8,2,8,8
reckjxsARu0YftXXz,2025-02-26T15:34:45.000Z,Thessaloniki,Greece,GR,"╨б╨░╨╗╨╛╨╜╨╕╨║╨╕, Saloniki, Salon├нki, Salonika, Solun, ╬Ш╬╡╧Г╧Г╬▒╬╗╬┐╬╜╬п╬║╬╖, Thessalon├нki, ╨б╨░╨╗╨╛╨╜╤Ц╨║╨╕, ╫б╫Ь╫Х╫а╫Щ╫з╫Щ, GRSNK, Salonikai, Tesal├│nica, Sal├│nica, хбЮшРиц┤Ых░╝хЯ║, I Prot├йvoussa ton Prosf├нgon, Ftohomana, S─Гruna, Salonic, Salonica, Saluniccu, Salonique, ╬г╬▒╬╗╬┐╬╜╬п╬║╬╖, ╤▓╤Ф╤Б╤Б╨░╨╗╨╛╨╜╤Ч╨║╨░, Thessalonique, уГЖуГГуВ╡уГнуГЛуВн, ╫б╫Ь╫Х╫а╫Щ╫з╫Ф, Tesalonica, Salonik, GRSKG, Tessal├▓nica, Thessalon├нk─У, ╬г╬▒╬╗╬┐╬╜╬╣╬║╬╖, ╪│╪з┘Д┘И┘Ж┘К┘Г, Thessalonica, Tesalon├оk├о, ├Юessal├│n├нka, ╨б╨╛╨╗╤Г╨╜, I Protevoussa ton Prosfigon, SKG, Sol├║n, Solu┼И, Salonicco, Sel├вnik, Ftohom├бna, Selanik",Central Macedonia,"40.64361,22.93086",321,Thessaloniki,Greece,40.64205734,22.93707309,Europe & Central Asia,High income,"794,001",Y,19.96895271,1043.03015,74.67410667,13.56975,87.62726,42.69203724,42.53502667,6.0692,50.27123333,65.25693667,35.80675333,27.70697235,5,8,8,9,8,4,3,10,3,1,2,8
recl2wioP4F9qnLwk,2025-02-26T15:34:45.000Z,Mumbai,India,IN,"Mumbaja, роорпБроорпНрокрпИ, ржкрзБрж▓рзНрж▓рж╛ржк ржорзБржорзНржмрж╛ржЗ, Mumbaj, Mumbajo, ┘Е┘Е╪и╪ж┘К, ╨Ь╤Г╨╝╨▒╨░╨╕, ╫Ю╫Х╫Ю╫С╫Р╫Щ, ╨С╨╛╨╝╨▒╨░╨╣, ▐Й▐к▐В▐░▐Д▐з▐З▐й, рдореБрдореНрдмрдИ, уГауГ│уГРуВд, ╬Т╬┐╬╝╬▓╬м╬╖, р▓ор│Бр│жр▓мр│И, ╪и┘Е╪и╪ж█М, ╨Ь╤Г╨╝╨▒╨░╤Ч, INBOM, сАЩсА╜сАЩсА║сАШсАнсАпсАДсА║сА╕сАЩсА╝сАнсАпсА╖, р▓ор│Бр▓Вр▓мр│И, сГЫсГгсГЫсГСсГРсГШ, хнЯш▓╖, ╫Ю╫Х╫Ю╫С╫Щ╫Щ, р░ор▒Бр░Вр░мр▒И, Q1156, Asumumbay, ┘Е┘И┘Е╪и╪з█М, Moembaai, Bombaim, ╨С╨╛╨╝╨▒╨╡╨╣, р┤ор╡Бр┤Вр┤мр╡И, Bombaya, Mumbay, ┘Е┘Е╪и╪ж█М, ╪и┘И┘Е╪и╪з┘К, ржорзБржорзНржмржЗ, хнЯф╣░, Numbai, ╨Ь╤Г╨╝╨▒╨░╨╣, ркорлБркВркмркИ, ╒Д╒╕╓В╒┤╒в╒б╒╡, Bombaj, Bombai, рдореБрдВрдмрдИ, ╪и┘О┘Е╪и┘О█Т, Mumba├о, Lungsod ng Mumbai, Dakbayan sa Bombay, ╨Ь╤Г╨╝╨▒╨░╤Ц, ┘Е┘И┘Е╪и╪з┘Й, рдЧреНрд░реЗрдЯрд░ рдореБрдореНрдмрдИ, ржорзБржорзНржмрж╛ржЗ, р╜ар╜Цр╜╝р╜Шр╝Лр╜жр╛жр╜║, B┼пmbaj, BOM, Bombay, р╕бр╕╕р╕бр╣Др╕Ъ, Mumbajus, ┘Е┘Е╪и╪з█М, ынДы░ФьЭ┤, mymbais, Bomb─Чjus, рморнБрморнНрммрм╛рмЗ, ╨Ь╤Г╨╝╨▒╨░╤Ш, ┘Е┘И┘Е╪и╪з┘К, рдмрдореНрдмрдИ, риорйБрй░римриИ",Maharashtra,"19.07283,72.88261",547,Mumbai,India,19.14107332,72.97072133,South Asia,Lower middle income,"22,948,367",Y,5.379548186,2430.085644,1.028437778,0,97.39995556,34.18052168,223.0561733,8.280533333,29.32191556,217.27294,42.92356667,114.2513741,9,3,3,9,3,9,8,8,9,7,10,10
reclDRfegxYoc3rjB,2025-02-26T15:34:45.000Z,Auckland,New Zealand,NZ,"A┼нklando, роЖроХрпНро▓ройрпНроЯрпН, Oklenda, р▓Жр▓Хр│Нр▓▓р│Жр▓Вр▓бр│НтАМ, Oklandas, рдСрдХреНрд▓реИрдгреНрдб, р┤Ур┤Хр╡НтАМр┤▓р╡╗р┤бр╡Н, Aucopolis, ╬П╬║╬╗╬▒╬╜╧Д, ржЕржХрж▓рзНржпрж╛ржирзНржб, уВкуГ╝уВпуГйуГ│уГЙ, ьШдэБ┤ыЮЬыУЬ, рдСрдХрд▓рдВрдб, ╪г┘И┘Г┘Д╪з┘Ж╪п, ркУркХрк▓рлЗркирлНркб, NZAKL, ╒Х╒п╒м╒е╒╢╒д, ╪ж╪з█Л┘Г┘Д╪з┘Ж╪п, AKL, ╨Ю╨║╨╗╨╡╨╜╨┤, T─Бmaki-makau-rau, ╪в┘И┌й┘Д┘Ж╪п, р╣Вр╕нр╕Др╣Бр╕ер╕Щр╕Фр╣М, ╫Р╫Х╫з╫Ь╫а╫У, сАбсА▒сАмсА╖сААсАЬсАФсА║сАЩсА╝сАнсАпсА╖, Awklanda, Aucland, ╨Ю╨║╨╗╨░╨╜╨┤, р░Жр░Хр▒Нр░▓р░╛р░Вр░бр▒Н, сГЭсГЩсГЪсГФсГЬсГУсГШ, Oklan, хезхЕЛшШнщГ╜цЬГхНА",Auckland,"-36.84853,174.76349",995,Auckland,New Zealand,-36.92012789,174.7964426,East Asia & Pacific,High income,"1,221,977",Y,16.81647172,32.19094667,0,0,88.33961111,25.71925431,0,5.454555556,65.62878,6.460373333,39.06375,54.13550676,1,1,3,9,1,1,2,10,1,3,6,9
recmcYm83sfZQFxmp,2025-02-26T15:34:45.000Z,Sydney,Australia,AU,"Sanctus Dionysius, ╒Н╒л╒д╒╢╒е╒╡, ╨б╤Ц╨┤╨╜╨╡╨╣, S├йk-n├а╠д, ▄г▄Э▄Х▄в▄Э, Sydney City, ╪│█М╪п┘Ж█М, рд╕рд┐рдбреНрдиреА, ри╕ри┐рибриирйА, рк╕рлАркбркирлА, роЪро┐роЯрпНройро┐, щЫкцви, р╜жр╜▓р╜Ср╝Лр╜Ур╜║р╝Н, ╫б╫Щ╫У╫а╫Щ, Sidneja, Sidne├╜, сЮЯсЯКсЮ╕сЮКсЮУсЮ╕сЮЩсЯП, Sidni, ╪│┌И┘Ж█М, ╪│┘К╪п┘Ж┘Й, р▓╕р▓┐р▓бр│Нр▓ир▓┐, сГбсГШсГУсГЬсГФсГШ, S─Чdniejos, ьЛЬыУЬыЛИ, S├нdney, цВЙх░╝, сИ▓сЛ╡сКТ, рд╕рд┐рдбрдиреА, ╨б╨╕╨┤╨╜╨╡╨╕, Syd, уВ╖уГЙуГЛуГ╝, Sidn├йy, Sidnejo, Sit-n├м, ╨б╨╕╨┤╨╜╨╡╨╣, ╨б╨╕╨┤╨╜╨╕, р╕Лр╕┤р╕Фр╕Щр╕╡р╕вр╣М, ╬г╬п╬┤╬╜╬╡╧Л, Sidnei, ╨б╤Ц╨┤╨╜╤Ц, ╪│┘К╪п┘Ж┘К, р░╕р░┐р░бр▒Нр░ир▒А, р┤╕р┤┐р┤бр╡Нр┤ир┤┐, AUSYD, р╖Гр╖Тр╢йр╖Кр╢▒р╖Т, сАЖсАЕсА║сАТсАФсАосАЩсА╝сАнсАпсА╖, Q3130, ╨б╨╕╨┤╨╜╨╡╤Ш, рд╕рд┐рджреНрдиреА, S├оdney, SYD, Sydneium, Sidney, рж╕рж┐ржбржирж┐, Sidn─Чjus",New South Wales,"-33.86785,151.20732",993,Sydney,Australia,-33.85123993,151.0668102,East Asia & Pacific,High income,"4,111,824",Y,27.88584813,292.4077422,8.863776667,3.259377778,51.04511333,37.78150101,13.32036111,7.512172222,8.48943,55.29459778,36.47691667,47.26260485,2,5,7,1,5,2,6,1,3,1,5,8
recpJVztSoHfXn5bV,2025-02-26T15:34:45.000Z,Boston,United States,US,"Bostonia, Q100, ╬Т╬┐╧Г╧Д╧Й╬╜╬╖, р▓мр▓╛р▓╕р│Нр▓Яр▓ир│Н, ╫С╫Х╫б╫Ш╫Х╫Я, Wastok, Bostan, ╬Т╬┐╧Г╧Д╧О╬╜╬╖, уГЬуВ╣уГИуГ│, р╕Ър╕нр╕кр╕Хр╕▒р╕Щ, сГСсГЭсГбсГвсГЭсГЬсГШ, рдмрд╛рд╕реНрдЯрдиреН, Shawnnut, рокро╛ро╕рпНроЯройрпН, Bost├║n, р┤мр╡Лр┤╕р╡Нр┤▒р╡Нр┤▒р╡║, ╪и┘И╪│╪к┘И┘Ж, р╜Цр╜╝р╝Лр╜жр╜║р╝Лр╜Кр╜╝р╜Ур╝Н, ╘▓╒╕╒╜╒┐╒╕╒╢, ы│┤ьКдэД┤, ц│вхглщаУ, Shawmut, Tramount, BOS, Bostona, ▄Т▄Ш▄г▄Ы▄Ш▄в, Bostons, Bostono, Baston, Trimountain, Old Boston, Tremont, Shawmutt, ╪и█Ж╪│╪к┘Ж, сАШсА▒сАмсА╖сАЕсАРсА╜сАФсА║сАЩсА╝сАнсАпсА╖, ╨С╨╛╤Б╤В╤К╨╜, римрйМри╕риЯрии, Wahstoron├▓n:ke, рдмрд╕реНрддрди, ╪и┘И╪│┘╣┘Ж, P├┤-sс╣│-tun, Pokekona, ╪и┘И╪│╪╖┘Ж, Trimountaine, ╫С╫Р╫б╫Ш╫Р╫Я, рдмреЙрд╕реНрдЯрди, ╨С╨╛╤Б╤В╨░╨╜, Bostonas, сЙжсИ╡сЙ╢сКХ, ржмрж╕рзНржЯржи, р░мр▒Лр░╕р▒Нр░Яр░ир▒Н, Mushauwomuk, Totant, ╨С╨╛╤Б╤В╨╛╨╜, USBOS, рдмреЛрд╕реНрдЯрди, ц│вхглщб┐",Massachusetts,"42.35843,-71.05977",131,Boston,United States,42.38499617,-71.06303941,North America,High income,"2,141,827",Y,0.1584134137,307.35332,5.69296,0,58.16015111,36.59010076,19.84073778,8.040888889,20.05000667,50.79736778,39.89224,55.72457986,2,4,3,3,5,2,7,4,2,4,7,10
recpVPfd03KknOdnw,2025-02-26T15:34:45.000Z,Melbourne,Australia,AU,"ыйЬы▓И, ╨Ь╨╡╨╗╨▒╤Г╤А╨╜, Melbournum, рдореЗрд▓рдмреЛрд░реНрди, ╨Ь╨╡╨╗╤М╨▒╤Г╤А╨╜, Melbourne City, Melburnas, ыйЬы▓Дые╕, MEL, Melben, роорпЖро▓рпНрокрпЛро░рпНройрпН, Greater Melbourne, ┘Е┘Д╪и┘И╪▒┘Ж, уГбуГлуГЬуГлуГ│, Melburna, Melborns, ┘Е█Р┘Д╪и█З╪▒┘Ж, Melburno, ╫Ю╫Ь╫С╫Х╫и╫Я, ╨Ь╨╡╨╗╨▒╤К╤А╨╜, Q3141, р╜Шр╜║р╜вр╝Лр╜Цр╜┤р╜У, хвичИ╛цЬм, р╣Ар╕бр╕ер╣Ар╕Ър╕┤р╕гр╣Мр╕Щ, ╬Ь╬╡╬╗╬▓╬┐╧Н╧Б╬╜╬╖, AUMEL, хвих░ФцЬм",Victoria,"-37.814,144.96332",991,Melbourne,Australia,-37.85556174,145.0747051,East Asia & Pacific,High income,"3,796,942",Y,40.977736,179.0611167,8.017831111,1.823057778,48.01210667,39.46846603,10.2756,6.466016667,6.557744444,31.29501889,34.51601,36.91090555,2,4,7,1,7,2,4,1,2,1,4,7
recqg5ZVLXt5bQERI,2025-02-26T15:34:45.000Z,Houston,United States,US,"ри╣рйВри╕риЯрии, ╨е╤О╤Б╤В╤К╨╜, ┘З┘К┘И╪│╪к┘Ж, рд╣реНрдпреБрд╕реНрдЯрди, Hi├╗-sс╣│╠В-t├╗n, Houston City, Hj┼лstona, Hustonia, ф╝СцЦпщаУ, ╫Ф╫Щ╫Х╫б╫Ш╫Я, рк╣рлНркпрлБрк╕рлНркЯрки, ╨е╤М╤О╤Б╤В╨╛╨╜, ╫Щ╫Х╫б╫Ш╫Х╫Я, р┤╣р╡Нр┤пр╡Вр┤╕р╡Нр┤▒р╡Нр┤▒р╡║, уГТуГеуГ╝уВ╣уГИуГ│, USHOU, рж╣рж┐ржЙрж╕рзНржЯржи, ╬з╬╣╬┐╧Н╧Г╧Д╬┐╬╜, сАЯсА░сАЕсАРсАФсА║сАЩсА╝сАнсАпсА╖, ╨е╤О╤Б╤В╨░╨╜, эЬ┤ьКдэД┤, █Б█М┘И╪│┘╣┘Ж, сИВсЛНсИ╡сЙ░сКХ, ф╝СцЦпщб┐, Hiustonas, ро╣ро┐ропрпВро╕рпНроЯройрпН, Hyuston, Hjuston, ╨е╤О╤Б╤В╨╛╨╜, р░╣р▒Нр░пр▒Вр░╕р▒Нр░Яр░ир▒Н, р╕ор╕┤р╕зр╕кр╕Хр╕▒р╕Щ, сГ░сГШсГгсГбсГвсГЭсГЬсГШ, ф╛пцЦпщаУ, Hustono, ┌╛█М┘И┘И╪│╪к┘Ж, ╒А╒╡╒╕╓В╒╜╒┐╒╕╒╢, ф╝СцЦпцХж, ┘З█М┘И╪│╪к┘И┘Ж, Q16555, ╨е╤Ш╤Г╤Б╤В╨╛╨╜, HOU",Texas,"29.76328,-95.36327",48,Houston,United States,29.78137075,-95.40836967,North America,High income,"5,731,907",Y,15,1351.182467,53.39301333,4.358578889,69.82148,39.99140016,77.6104,5.812551111,26.66108,95.95708778,36.58683667,59.18831724,6,7,7,6,7,7,3,7,7,1,7,9
recrzc5fu69KZ2icK,2025-02-26T15:34:45.000Z,Austin,United States,US,"╨Ю╤Б╤В╨╕╨╜, Waterloo, сКжсИ╡сЙ▓сКХсНг сЙ┤сКнсИ│сИ╡, Montopolis, рдЕрд╕реНрдЯрд┐рди, ╪в╪│┘╣┘Ж, A┼нstino, уВкуГ╝уВ╣уГЖуВгуГ│, ьШдьКдэЛ┤, ржЕрж╕рзНржЯрж┐ржи, р┤Ур┤╕р╡Нр┤▒р╡Нр┤▒р┤┐р╡╗, Ostin, ╫Р╫б╫Ш╫Щ╫Я, ╪в╪│╪к█М┘Ж╪М ╪к┌п╪▓╪з╪│, ╪г┘И╪│╪к┘Ж, рдЕрд╕реНрддрд┐рди, роЖро╕рпНроЯро┐ройрпН, цЯпхглчФ╕, Ostina, Austinopolis, ╬П╧Г╧Д╬╣╬╜, сГЭсГбсГвсГШсГЬсГШ, риЖри╕риЯри┐рии, рдСрд╕реНрдЯрд┐рди, Ostinas, ╨Ю╤Б╤Ж╤Ц╨╜, USAUS, хезцЦпц▒А, AUS, Ostins, ╪в╪│┘╣┘Ж╪М ┘╣█М┌й╪│╪з╪│, сОасПНсПШсПВ, ╨Ю╤Б╤В╤Ц╨╜, ╒Х╒╜╒┐╒л╒╢, рдЖрд╕реНрдЯрд┐рдиреН, р╕нр╕нр╕кр╕Хр╕┤р╕Щ, ╫Р╫Х╫б╫Ш╫Щ╫Я",Texas,"30.26715,-97.74306",46,Austin,United States,30.37163753,-97.73513149,North America,High income,"1,395,285",Y,223.526636,1355.65869,76.26951333,7.89124,65.42768,40.34836159,57.52131667,6.38192,30.21931556,79.58642,40.86921556,57.66271205,6,8,8,5,7,6,4,8,6,5,7,4
recsktO52tMxCBN6e,2025-02-26T15:34:45.000Z,Atlanta,United States,US,"рдЕрдЯрд▓рд╛рдиреНрдЯрд╛, ATL, ╫Р╫Ш╫Ь╫а╫Ш╫Ф, рдЕрдЯрд▓рд╛рдВрдЯрд╛, ьХаэЛАыЮЬэГА, ╫Р╫Ш╫Ь╫Р╫а╫Ш╫Р, Marthasville, роЕроЯрпНро▓ро╛ройрпНроЯро╛, ркПркЯрк▓рк╛ркирлНркЯрк╛, уВвуГИуГйуГ│уВ┐, ╨Р╤В╨╗╨░╨╜╤В╨░, ╪ж█Х╪к┌╡╪з┘Ж╪к╪з, сАбсАРсА╣сАРсАЬсАФсА╣сАРсАмсАЩсА╝сАнсАпсА╖, ╨Р╤В╨╗╨░╨╜╤В├ж, р╣Бр╕нр╕Хр╣Бр╕ер╕Щр╕Хр╕▓, USATL, ф║ЪчЙ╣хЕ░хдз, сГРсГвсГЪсГРсГЬсГвсГР, Atlonta, ╘▒╒┐╒м╒б╒╢╒┐╒б, рдПрддреНрд▓рд╛рдиреНрддрд╛, ьХДэЛАыЮЬэГА, White Hall, ф║ЮчЙ╣шШнхдз, сКасЙ╡сИЛсКХсЙ│, р╜ир╝Лр╜Кр╜▓р╝Лр╜гр╜▒р╜Ур╝Лр╜Кр╜▒р╝Н, Atlanto, Atlant, р┤Ер┤▒р╡Нр┤▒р╡НтАМр┤▓р┤╛р┤ир╡Нр┤▒р┤╛ р┤ир┤Чр┤░р┤В, Q23556, Canebrake, ржЖржЯрж▓рж╛ржирзНржЯрж╛, ╪г╪к┘Д╪з┘Ж╪к╪з, р░Ер░Яр▒Нр░▓р░╛р░Вр░Яр░╛, ╪з┘╣┘Д╪з┘Ж┘╣╪з, ╪з┘╣┘Д╪з┘Ж┘╣╪з╪М ╪м╪з╪▒╪м█М╪з, ╬С╧Д╬╗╬м╬╜╧Д╬▒, ╪в╪к┘Д╪з┘Ж╪к╪з, рдПрдЯреНрд▓рд╛рдиреНрдЯрд╛, Terminus, ьХДэЛАыЮАэГА, Standing Peachtree, р▓Ер▓Яр│Нр▓▓р▓╛р▓Вр▓Яр▓╛, Marthasdale, Whitehall",Georgia,"33.749,-84.38798",77,Atlanta,United States,33.84096954,-84.30090571,North America,High income,"1,715,416",Y,276.8271898,693.9390089,13.35581778,1.000984444,56.94499667,37.29867956,58.69031111,8.448438889,18.69907667,100.2219233,41.18152,59.63110601,4,5,6,3,5,6,8,4,7,5,7,3
recv8edG7SQOtbUet,2025-02-26T15:34:45.000Z,Bengaluru,India,IN,"Bengal┼лru, рдмреЗрдЩреНрдЧрд▓реЛрд░, рокрпЖроЩрпНроХро│рпВро░рпН, Bengalour, ╪и┘Ж╪║╪з┘Д┘И╪▒, Bangaluri, ржмрзЗржЩрзНржЧрж╛рж▓рзБрж░рзБ, сГСсГФсГЬсГТсГРсГЪсГгсГасГг, Bengal├║ru, INBLR, чПнхКач╜Чх░Ф, р┤мр╡Жр┤Вр┤Чр┤│р╡Вр┤░р╡Б, ╪и█М┘Ж┌п┘Д┘И╪▒, Bengaluro, Bangalore, римрй░риЧри▓рйМри░, рммрнЗрмЩрнНрмЧрм╛рм│рнБрм░рнБ, р▓мр│Жр▓Вр▓Чр▓│р│Вр▓░р│Б, BLR, рдмреЗрдЩреНрдЧрд│реВрд░реБ, ╨С╨╡╨╜╨│╨░╨╗╤Г╤А╤Г, чПнхКач╛ЕчИ╛, Bangalore City, Q1355, ╨С╨╡╨╜╥С╨░╨╗╤Г╤А╤Г, ы▓╡ъ░Иыгиыги, р╢╢р╖Рр╢Вр╢Ьр╢╜р╖Эр╢╗р╖К, Bengal┼лras, ы░йъ░ИыбЬые┤, р╕Ър╕▒р╕Зр╕Др╕▓р╕ер╕нр╕гр╣М, сАШсАФсА║сАВсАЬсАнсАпсАЩсА╝сАнсАпсА╖, рдмреЗрдЩреНрдЧрд▓реВрд░реБ, ╫С╫а╫Т╫Ь╫Х╫и, рдмрдВрдЧрд│реВрд░, Bangal├║r, ржмрж╛ржЩрзНржЧрж╛рж▓рзЛрж░, ╨С╨░╨╜╨│╨░╨╗╨╛╤А, ╪и┘Ж┌п┘Д┘И╪▒, ркмрлЗркВркЧрк▓рлЛрк░, р░мр▒Жр░Вр░Чр▒Бр░│р▒Вр░░р▒Б, уГРуГ│уВмуГнуГ╝уГл, ы▒Еъ▒╕ыбЬ, Bengalurus, ╬Ь╧А╬▒╬╜╬│╬║╬▒╬╗╧М╧Б, рдмрдВрдЧрд▓реМрд░",Karnataka,"12.97194,77.59369",635,Bengaluru,India,13.02014553,77.574697,South Asia,Lower middle income,"12,715,787",Y,940.5671372,1332.76704,29.93274667,0,65.62245333,36.6818956,73.59492889,4.913641111,37.76643333,244.4209133,43.623,38.29342119,6,6,3,5,5,7,1,9,9,7,4,1
recxDE7xF6qM4axfd,2025-02-26T15:34:45.000Z,Oakland,United States,US,"Oklenda, ╒Х╓Д╒м╒е╒╢╒д, ╪з┘И┌й┘Д┘Ж╪п, Oklandas, рдУрдХрд▓рдВрдб, ржУржХрж▓рзНржпрж╛ржирзНржб, хезхЕЛшШн, Oakland i California, рдУрдХрд▓реНрдпрд╛рдиреНрдб, ╪з┘И┌й┘Д█М┘Ж┌И╪М ┌й█М┘Д█М┘Б┘И╪▒┘Ж█М╪з, уВкуГ╝уВпуГйуГ│уГЙ, ьШдэБ┤ыЮЬыУЬ, USOAK, ╪г┘И┘Г┘Д╪з┘Ж╪п, ╨Ю╤Г╨║╨╗╨░╨╜╨┤, хеехЕЛхЕ░, ╨Ю╨║╨╗╨╡╨╜╨┤, ╫Р╫Х╫з╫Ь╫а╫У, ╫Р╫з╫Ь╫Р╫а╫У, ╪з┘И┌й┘Д█М┘Ж┌И, ╬М╬┐╧Е╬║╬╗╬▒╬╜╧Д, рдУрдХрд▓реНрдпрд╛рдгреНрдб, OAK, ╨Ю╨║╨╗╨░╨╜╨┤, ╨Ю╤Г╨║╨╗╨╡╨╜╨┤, роУроХрпНро▓рогрпНроЯрпН, Quercupolis, сГЭсГЩсГЪсГФсГЬсГУсГШ",California,"37.80437,-122.2708",,,,,,,,,,,,,,,,,,,,,,,,,,,,,,,,,
recxIOtDzdYfYzu2V,2025-02-26T15:34:45.000Z,Toyama,Japan,JP,"╨в╨╛╤П╨╝╨░, TOY, Toyamashi, уГИуГдуГЮуВ╖, уБиуВДуБ╛, уГИуГдуГЮ, хпМх▒▒х╕В, Toyama-shi, JPTOY, хпМх▒▒, Q204266, уБиуВДуБ╛уБЧ",Toyama,"36.7,137.21667",,,,,,,,,,,,,,,,,,,,,,,,,,,,,,,,,
recy3ZeHFghapZlGy,2025-02-26T15:34:45.000Z,Christchurch,New Zealand,NZ,"сГЩсГасГРсГШсГбсГвсГйсГФсГасГйсГШ, Kraist─Н─Уr─Нa, р╣Др╕Др╕гр╕кр╕Хр╣Мр╣Ар╕Кр╕┤р╕гр╣Мр╕К, ╨Ъ╤А╨░╤Ш╤Б╤В╤З╨╡╤А╤З, хЕЛш╡ЦцЦпчЙ╣х╜╗хеЗ, ╨Ъ╤А╨░╨╣╤Б╤В╤З╤С╤А╤З, ╨Ъ╤А╨░╨╣╤Б╤В╤З╤Н╤А╤З, ╫з╫и╫Щ╫Щ╫б╫Ш╫ж╫и╫е, рдХреНрд░рд╛рдЗрд╕реНрдЯрдЪрд░реНрдЪ, Cr─лstcirice, р┤Хр╡Нр┤░р╡Ир┤╕р╡Нр┤▒р╡Нр┤▒р╡НтАМр┤Ър╡╝р┤Ър╡Нр┤Ър╡НтАН, ╬Ъ╧Б╬м╬╣╧Г╧Д╧Д╧Г╬╡╧Б╧Д╧В, ╨Ъ╤А╨░╨╣╤Б╤В╤З╤К╤А╤З, Kraist─Нer─Нas, ┘Г╪▒╪з┘К╪│╪к╪┤╪▒╪┤, CHC, ┼Мtautahi, ┌й╪▒╪з╪ж╪│┘╣ ┌Ж╪▒┌Ж, роХро┐ро▒рпИро╕рпНроЯрпНроЪрпЗро░рпНроЪрпН, NZCHC, ржХрзНрж░рж╛ржЗрж╕рзНржЯржЪрж╛рж░рзНржЪ, сАБсАЫсАЕсА║сАБсА╗сАХсА║сАБсА╗сА║сАЩсА╝сАнсАпсА╖, Christopolis, хЯ║чЭгхЯО, ┌й╪▒╪з█М╪│╪ктАМ┌Ж╪▒┌Ж, Kraystcherch, эБмыЭ╝ьЭ┤ьКдэК╕ь▓Шь╣Ш, уВпуГйуВдуВ╣уГИуГБуГгуГ╝уГБ, Kristkirko, ╨Ъ╤А╨░╨╣╤Б╤В╤З╨╡╤А╤З, Krays├з├╢r├з",Canterbury,"-43.53333,172.63333",,,,,,,,,,,,,,,,,,,,,,,,,,,,,,,,,
reczOROvsrMTTtXwT,2025-02-26T15:34:45.000Z,Vancouver,Canada,CA,"╒О╒б╒╢╒п╒╕╓В╒╛╒е╓А, Vankuvero, ┘И┘Ж┌й┘И┘И╪▒╪М ╪и╪▒█М╪к█М╪┤ ┌й┘Д┘Е╪и█М╪з, рд╡реНрд╣рдБрдХреВрд╡реНрд╣рд░, ┘И┘Ж┌й┘И┘И╪▒, Wankuw├йr, р╜Эр╜Ур╝Лр╜Бр╜┤р╝Лр╜Эр╜║р╜вр╝Н, ╨Т╨░╨╜╨║╤Г╨▓╨╡╤А, сАЧсАФсА║сААсА░сА╕сАЧсАмсА╕сАЩсА╝сАнсАпсА╖, ро╡ро╛ройрпНроХрпВро╡ро░рпН, рд╡реИрдВрдХреВрд╡рд░, Vankuver, ╬Т╬▒╬╜╬║╬┐╧Н╬▓╬╡╧Б, сГХсГРсГЬсГЩсГгсГХсГФсГасГШ, уГРуГ│уВпуГ╝уГРуГ╝, YVR, р╣Бр╕зр╕Щр╕Др╕╣р╣Ар╕зр╕нр╕гр╣М, ╫Х╫а╫з╫Х╫С╫и, ┘Б╪з┘Ж┘Г┘И┘Б╪▒, Vanc├┤ver, Vancuverium, ╨Т╨░╨╜╨║╤Г╨▓╤К╤А, Vank┼лvera, ц║лхУешПп, сЙлсКХсКйсЙисИн, Vang├║ve, ┘И█М┘Ж┌й┘И┘И╪▒, CAVAN, Venk├╗ver, ржнрзНржпрж╛ржиржХрзБржнрж╛рж░, ы░┤ь┐аы▓Д, Fank├╗ver, Vankuveris, ри╡рйИриириХрйВри╡ри░, уГРуГ│уВпуГ╝уГРуГ╝х╕В",British Columbia,"49.24966,-123.11934",32,Vancouver,Canada,49.2292552,-122.9851417,North America,High income,"2,103,365",Y,107.3475346,33.70336,1.002444444,0,58.44126778,33.17782804,3.00358,8.031404444,19.51952,7.985493333,46.16353556,75.8472352,1,3,3,3,2,1,7,4,1,8,9,5
reczQYeUq9AemjgQv,2025-02-26T15:34:45.000Z,Louisville,United States,US,"Q43668, USLUI, ╨Ы╤Г╨╣╨╖╨▓╨╕╨╗╨╗, L┼лivila, ш╖пцШУч╢нчИ╛, сГЪсГгсГШсГЦсГХсГШсГЪсГШ, ╫Ь╫Х╫Р╫Щ╫Х╫Х╫Щ╫Ь, ┘Д┘И┘К┘Б┘К┘Д, ╨Ы╤Г╨╕╤Б╨▓╨╕╨╗, сГЪсГгсГШсГбсГХсГШсГЪсГШ, ╘╝╒╕╓В╒л╒╜╒╛╒л╒м, Ludovicopolis, Louisville-Jefferson County, ╨Ы╤Г╤Ц╤Б╨▓╤Ц╨╗, ыгиьЭ┤ьжИы╣М, ыгиьЭ┤ы╣М, ┘Д┘И█М█М┘И█М┘Д╪М ┌й┘Ж╪к╪з┌й█М, Luisvilis, Luisvill, ╨Ы╤Г╨╕╤Б╨▓╨╕╨╗╨╗, ╨Ы╤Г╤Ч╤Б╨▓╤Ц╨╗╨╗, рж▓рзБржнрж▓, рд▓реБрдИрд╡реНрд╣рд┐рд▓, ро▓рпВропро┐ро╡ро┐ро▓рпН, ╬Ы╬┐╧Н╬╣╧Г╬▓╬╣╬╗, ┘Д┘И╪ж█М╪▓┘И█М┘Д╪М ┌й█М┘Ж┘╣┌й█М, уГлуВдуГУуГл, р╕ер╕╕р╕вр╕кр╣Мр╕зр╕┤р╕ер╕ер╣М, SDF, ╨Ы╤Г╨╕╨▓╨╕╨╗",Kentucky,"38.25424,-85.75941",84,Louisville,United States,38.22451115,-85.69906478,North America,High income,"800,269",Y,167,626.6571444,15.14021333,1.507363333,57.78374222,37.90005631,51.67482,7.503111111,14.71844,93.24373778,42.17941111,57.25706379,4,5,6,3,6,5,6,2,7,6,7,4
reczzjvVXMUVf9HTb,2025-02-26T15:34:45.000Z,Singapore,Singapore,SG,"SIN, Little Red Dot, S├оn-k├в-po, цЦ░хКахЭб, Temasek, ╪│┘Ж┌п╪з┘╛┘И╪▒, ри╕ри┐рй░риЧри╛рикрйБри░, Q334, ьЛ▒ъ░АэП┤, сАЕсАДсА║сААсАмсАХсА░сАФсАнсАпсАДсА║сАДсА╢, рд╕рд┐рдВрдЧрд╛рдкреВрд░, Singapur, Syonan-to, рд╕рд┐рдВрдЧрд╛рдкреБрд░, Singapour, роЪро┐роЩрпНроХрокрпНрокрпВро░рпН, ╫б╫Щ╫а╫Т╫д╫Х╫и, сЮЯсЮ╖сЮДсЯТсЮасЮФсЮ╗сЮЪсЮ╕, уВ╖уГ│уВмуГЭуГ╝уГл, ьЛ▒ъ░АэПмые┤, Singapura, Garden City, SG, цШЯцЮ╢хЭб, р╕кр╕┤р╕Зр╕Др╣Мр╣Вр╕Ыр╕г, D─Бnm╟Оx─л, Tumasik, SGSIN, ╨б╨╕╨╜╨│╨░╨┐╤Г╤А, р╕Ыр╕гр╕░р╣Ар╕Чр╕ир╕кр╕┤р╕Зр╕Др╣Вр╕Ыр╕гр╣М, ╪│┘Ж╪║╪з┘Б┘И╪▒╪й, р║Ыр║░р╗Ар║Чр║Фр║кр║┤р║Зр║Бр║░р╗Вр║Ы, ╬г╬╣╬│╬║╬▒╧А╬┐╧Н╧Б╬╖, ╨б╤Ц╨╜╨│╨░╨┐╤Г╤А, Singapore City",SG.01,"1.28967,103.85007",832,Singapore,Singapore,1.391134069,103.8850508,East Asia & Pacific,High income,"7,348,413",Y,43.89221056,2516.691584,0.501615556,0,131.9429533,33.69980583,355.7304256,14.14752444,20.63106667,246.0118356,38.25439111,45.03589416,9,2,3,10,2,10,10,4,9,3,5,7
