id,createdTime,Subcategory Name,Created Date,Status,Parent Category,Taxonomy Version,Last Updated,Solutions
rec00TS5c2otJF3zC,2025-01-28T07:45:50.000Z,Emergency Food Distribution,2025-01-28,Active,"[""reczWby8ynKcMq1CD""]",V_01-28-2025-00-00-00,2025-01-28T07:45:50.000Z,
rec0Wd0VjRVizzU4n,2025-01-28T07:45:46.000Z,Health Outbreak Monitoring,2025-01-28,Active,"[""rechqr3Zono6Xqmcq""]",V_01-28-2025-00-00-00,2025-01-28T07:45:46.000Z,
rec0g0qwMEMecIKPW,2025-01-28T07:45:38.000Z,Volunteer Management Systems,2025-01-28,Active,"[""recz2FK1dAxPB2MvE""]",V_01-28-2025-00-00-00,2025-01-28T07:45:38.000Z,
rec0gX7ou9bfC5tiE,2025-01-28T07:45:45.000Z,Vulnerable Population Tracking,2025-01-28,Active,"[""rechqr3Zono6Xqmcq""]",V_01-28-2025-00-00-00,2025-02-09T21:43:29.000Z,"[""recfdDeepZ6axyt6L"",""recEAJsUjaOcsq2rl"",""recenM2nfPD13kULu"",""recvhroSaKvhBai9i"",""recgAQ7msn47zzaeF"",""recUo6mE08WAkuaMA""]"
rec13uEWUoFHzSUVM,2025-01-28T07:46:02.000Z,Automated Compensation Systems,2025-01-28,Active,"[""recL0YYzJkzLRAX9A""]",V_01-28-2025-00-00-00,2025-01-28T07:46:02.000Z,
rec1AB7o34NKxzQQo,2025-01-28T07:45:39.000Z,Storm Surge Protection,2025-01-28,Active,"[""reciGjhvWmulaMj4S""]",V_01-28-2025-00-00-00,2025-01-28T07:45:39.000Z,
rec1FN2bL52d8k28e,2025-01-28T07:45:29.000Z,Real-Time Analytics Platforms,2025-01-28,Active,"[""recZlMwcic72dQQ2g""]",V_01-28-2025-00-00-00,2025-02-09T21:43:29.000Z,"[""recOQI5M7pHh8OqkF"",""rec7rkEqEu7Vlspnj"",""recl3ZvWcC7ZPtJAF"",""recyyPtZR22bly109"",""recFqfK4SEgkmb2H9"",""rec41iBtezqBlAi3s"",""recLpc2wWiIRWin2n"",""rec4io12ejJYi6ZpO"",""reclXgmQGnknfa7TH"",""recIdST62GYoxfVKN"",""recvjIte8LYUvAPfX"",""recZKKptxQGXLVajs"",""recknDFMJcyUkeXg8"",""recYIGCYL3Ju0hdBY"",""recCxWvSEznzFBzph""]"
rec1Hfy9WJfB6vbzR,2025-01-28T07:45:45.000Z,Water Distribution Automation,2025-01-28,Active,"[""recxG8gMU2ifwGwIX""]",V_01-28-2025-00-00-00,2025-02-09T21:43:29.000Z,"[""rec5pFEb63TnFIXCz"",""recmhiTBGvXx6XUP2"",""recaGGHMNqnACGxgD"",""rec0cnDqYgR0H6m5O"",""recuk67tLNaowZsHT"",""recIaLKOV9kb6jf77"",""recLDaE52m5DSDUua"",""recVhugDELdEcVsYD""]"
rec1MlXogTuV3dRlg,2025-01-28T07:45:31.000Z,Ai-Powered Hazard Prediction Systems,2025-01-28,Active,"[""recZlMwcic72dQQ2g""]",V_01-28-2025-00-00-00,2025-02-09T21:43:29.000Z,"[""recuxhyjI9EaaIgKd"",""recT62VGAOrmksOxc"",""recWcI1tdK2fINjKT""]"
rec1XCVo2uKZZ3A91,2025-01-28T07:45:52.000Z,Harvest Forecasting Tools,2025-01-28,Active,"[""reczWby8ynKcMq1CD""]",V_01-28-2025-00-00-00,2025-01-28T07:45:52.000Z,
rec1bnLR8K2uaBpRR,2025-01-28T07:45:38.000Z,Coastal Defense Monitoring,2025-01-28,Active,"[""reciGjhvWmulaMj4S""]",V_01-28-2025-00-00-00,2025-01-28T07:45:38.000Z,
rec27M2VUML7mlooM,2025-01-28T07:45:41.000Z,Green Infrastructure Systems,2025-01-28,Active,"[""reciGjhvWmulaMj4S""]",V_01-28-2025-00-00-00,2025-02-09T21:43:29.000Z,"[""recR5onlAm0fFueN5""]"
rec2XiOJmVA2PlP9k,2025-01-28T07:45:44.000Z,Water Loss Detection Systems,2025-01-28,Active,"[""recxG8gMU2ifwGwIX""]",V_01-28-2025-00-00-00,2025-02-09T21:43:29.000Z,"[""recntIcM00cwxQdWD"",""recYuyGPq3R63WuVz"",""recs5XOvVFmhFvWK3"",""recCdSxVcuXWlyyWq""]"
rec2dm9qRW4KTtWDA,2025-01-28T07:45:38.000Z,Mass Notification Systems,2025-01-28,Active,"[""recz2FK1dAxPB2MvE""]",V_01-28-2025-00-00-00,2025-02-09T21:43:29.000Z,"[""recJHUtCXINQ8tGBE""]"
rec2jRps8eIWRuocI,2025-01-28T07:45:48.000Z,Vector-Borne Disease Monitoring,2025-01-28,Active,"[""rechqr3Zono6Xqmcq""]",V_01-28-2025-00-00-00,2025-01-28T07:45:48.000Z,
rec2opYHNMK9jvBGP,2025-01-28T07:45:36.000Z,Resource Allocation Systems,2025-01-28,Active,"[""recz2FK1dAxPB2MvE""]",V_01-28-2025-00-00-00,2025-01-29T15:29:00.000Z,
rec34TimD9KER8324,2025-01-28T07:45:56.000Z,Impact Modeling Platforms,2025-01-28,Active,"[""reczirxn83VMd6Ynt""]",V_01-28-2025-00-00-00,2025-02-09T21:43:29.000Z,"[""rec1inkWEDZr0rnP4"",""recLsIhd1cPJMPDgX"",""recSVYIIbN83O3BJx"",""recKOT0dP6OONKMre"",""recoSE5D9mZBINdmY"",""rechlydCUJanhr0dd"",""recRD3BfA6tWUtRPE"",""recG5N0WTQX3i4c1r"",""recKTopGKAzx95Fld"",""recqDc6FbzMDXKpLS"",""recW4ggjfExmawNPi"",""recQxyzUOmVmHbb9W"",""recvFr3DcbOvM7AkP"",""recBfIxUDkk9QeEWp"",""recB3N4XzXDNIh08T"",""recdJdWhyAf66dA6m"",""recwlIiAxJ6l1FHRW"",""recDS7Kn06HDxlFVV"",""recsCHaKZs8KPkggR"",""recw9XC0U5TcGTqX4"",""rec0S3v06Ygs6QN9r"",""recsG8bPbEFuANyNE"",""recZkZu1jqt6xshNe"",""rec3Tyc8aoalLGxMj"",""reccE0BGbV5UiK2Xa"",""recGyTVvLKvbIakN1"",""recMcyznBXdYdXzhz"",""recqC5IS3piRaeduo"",""reccf70ESDLtaNihb"",""recnQZijevzdxTggC"",""rec2vgKBaWih4cClR"",""rec5MZZTtmMO90VpV"",""rec6aZse9Lj855KXk"",""recEqGn3kTRK3mzHR"",""recHExTp7ifVSQ5Kf"",""recRGR35wPWQ2OxlG"",""recZZjuLDlq0QFUUJ"",""recC199MOD6Cj3Rql"",""recLGN4iQbuf5mCgq"",""recGYkIJEm1uI1ecX"",""recRrDhg30G1QHwEW"",""recQgoteSaml1d9XW"",""reckLfzJH8V5oFkwk"",""rec3825uBhoxVPUHh"",""recDUFNulFwOLhlhB"",""recYrNw9TBnypTTc9""]"
rec35U73tZ86pGbkI,2025-01-28T07:45:58.000Z,Decision Support Systems,2025-01-28,Active,"[""reczirxn83VMd6Ynt""]",V_01-28-2025-00-00-00,2025-02-09T21:43:29.000Z,"[""recHsnuzgJoKYi0FQ"",""recStkj15YILsIjB6"",""recYJfNInFiSUDUOP"",""recedNvITmeFPTPzq"",""recxXgxUrbze7geAh"",""recW2keWc2hhi5gO0"",""recjRlK7YwSoxJRZS"",""recUQIwmVND1T93B3"",""recYnKFYtS9NvT6kh"",""rec3PNzlKVHSGsd1N"",""recZq04YyuuFHrtZK"",""recihuFZ92wYmqVU9"",""recsvdJoqvs2OwrlN"",""recK6FkPJkmOZ8mKV"",""rec9smjOWqh3t0QEI""]"
rec3OERhEc6XDp3dk,2025-01-28T07:45:43.000Z,Drought Monitoring Systems,2025-01-28,Active,"[""recxG8gMU2ifwGwIX""]",V_01-28-2025-00-00-00,2025-02-09T21:43:29.000Z,"[""recv2KjO5Q061V2ay""]"
rec3wDGaUBqv7bEm9,2025-01-28T07:45:47.000Z,Health Supply Tracking,2025-01-28,Active,"[""rechqr3Zono6Xqmcq""]",V_01-28-2025-00-00-00,2025-01-28T07:45:47.000Z,
rec4UKXLVwc1FR9Dz,2025-01-28T07:46:02.000Z,Economic Adaptation Metrics,2025-01-28,Active,"[""recL0YYzJkzLRAX9A""]",V_01-28-2025-00-00-00,2025-02-09T21:43:29.000Z,"[""recKilTztehAk4RpN""]"
rec4ZiH6rkvmvQV2E,2025-01-28T07:45:55.000Z,Local Governance Tools,2025-01-28,Active,"[""recsKvsr32KNM9vvq""]",V_01-28-2025-00-00-00,2025-02-09T21:43:29.000Z,"[""rec8G5TxS6O9cjHc3""]"
rec4joCJfVpxb0xi3,2025-01-28T07:45:39.000Z,Biodiversity Tracking Systems,2025-01-28,Active,"[""reciGjhvWmulaMj4S""]",V_01-28-2025-00-00-00,2025-02-09T21:43:29.000Z,"[""recloE5WAp6pgljsV""]"
rec54eCPL6Zob5vOv,2025-01-28T07:46:00.000Z,Investment Risk Analysis,2025-01-28,Active,"[""recL0YYzJkzLRAX9A""]",V_01-28-2025-00-00-00,2025-01-28T07:46:00.000Z,
rec55irUUYT9QOlrt,2025-01-28T07:45:38.000Z,Emergency Medical Dispatch,2025-01-28,Active,"[""recz2FK1dAxPB2MvE""]",V_01-28-2025-00-00-00,2025-01-28T07:45:38.000Z,
rec56OuHUWtmF474v,2025-01-28T07:45:42.000Z,Flood Mapping Platforms,2025-01-28,Active,"[""recxG8gMU2ifwGwIX""]",V_01-28-2025-00-00-00,2025-02-09T21:43:29.000Z,"[""recJf6QC7z55cRbkt"",""recUPtIdL8IslBe6U"",""recfaacT5wffZ4K8V"",""receQyRT5L7Rx3ESu"",""recL5koUCSpuYkAA3"",""rec7VYwJiEUCbFYMB"",""recZcJ9DbwiegzJSx"",""reckrL3urhU10RO9p"",""rec0A0676nqlgvWIV"",""recD81BQsJ3mzg0WC"",""recBZPs3f9so8LdoA"",""recjjvDtoNYqTGrIT""]"
rec5m7lftl5qGRNh5,2025-01-28T07:45:36.000Z,Public Information Systems,2025-01-28,Active,"[""recz2FK1dAxPB2MvE""]",V_01-28-2025-00-00-00,2025-02-09T21:43:29.000Z,"[""recLt2obCOQ3vnnFp"",""rec2DmzUCo15HToN7"",""reccMS3ESULtWCTSw"",""recMORmVdPSDYSYPE"",""rec46j0vEN3yK1NML"",""recrErnwQ98nDhO8a"",""recYgWK7htxyO6ATe"",""rec4PPltAXI19nLfH"",""recqds7jPBnK9ObGj"",""rec7m1engGbUExEfp"",""rec399qvnIGtvhmnn"",""recUwEqR9TwNGymam"",""recNjTvxmP3W0IEPo"",""recEoOnSYO2QiQdT5"",""recNOr5rIMby4JIsf"",""recdH02EYaJlPlrpN"",""rech6lPf3lpLPLf5P"",""rec70Sb9Z9uEBXZN6""]"
rec60KgEEGSkpQ0yZ,2025-01-28T07:45:29.000Z,Urban Heat Sensors,2025-01-28,Active,"[""recZlMwcic72dQQ2g""]",V_01-28-2025-00-00-00,2025-02-09T21:43:29.000Z,"[""recZNhDmIcOMFA1XM"",""recrvb4kUKQIMslps"",""recRsQuhnJ0ZKWRLv"",""recT8jlZAXh5gOu2r"",""rec6Yc79FodLBcjOh"",""recmROOrmWTDZwuMQ"",""rec0hnacZDyQDKmJI"",""reciMWlmqBKOd0GrM"",""recG6Szcz47BZvFgG"",""rec5GkM2uXwUm3Xva"",""recbifEVTDzStGu9T"",""recRmFwBX9gSkAccF""]"
rec6Fn9JFMwpnHScC,2025-01-28T07:45:32.000Z,Heat-Resistant Building Materials,2025-01-28,Active,"[""recW69WCUlbIveX6W""]",V_01-28-2025-00-00-00,2025-01-28T07:45:32.000Z,
rec6LKDe4b4ih8o89,2025-01-28T07:45:56.000Z,Resource Management Platforms,2025-01-28,Active,"[""reczirxn83VMd6Ynt""]",V_01-28-2025-00-00-00,2025-02-09T21:43:29.000Z,"[""rec3h6n6P8SBl0xbm"",""recjFoZS6d7NIQ5K2"",""rec04oazTkurb6z3C"",""recEyHOCL766N3gmE"",""recYGadCRwZ96ChAG"",""recxCMqJXdPs5F1Fq"",""recHKhXIox0lsq5wO"",""recQwAnZoVigRhvp3"",""recmqCVw40i13VgZb"",""rec8LEObzV2LNo7ot"",""reclT1zM0RZAE2o0s"",""recxBqcHUFYB4dafm"",""recCQ4G4xtatW0aIu"",""rectP3xKg1X0nLXFA"",""rec2lM1PTjQ03zFCz"",""recHAIjzWgOJcbwoA"",""recKqPaUS2I3IQgNw"",""recn8f22pnfLpcAop"",""recYPsW7ap541CAaG"",""rec39NAg9fPK63kv2"",""recafL3k0Pu1f97xW"",""recMm704JvMGMKyX8"",""recAofMMJ5qc5Adwt"",""recdwvFMemNkgLqMr"",""reciaLWGfORI3WGiQ"",""recjMYSagFyVO27C0"",""reck3WYhuJ1yz4HPa"",""recSgqbnpvauIYPew"",""reccsbRMiocgijKSE"",""recfjrStpi4caybDK"",""recNmjrmAo180U4Vq"",""reckS2nuoBGhiiAU3"",""recIXdBeE9AhNIfw0""]"
rec6jar28vdxQjSfU,2025-01-28T07:45:35.000Z,Building Energy Management Systems,2025-01-28,Active,"[""recW69WCUlbIveX6W""]",V_01-28-2025-00-00-00,2025-02-09T21:43:29.000Z,"[""recFMCH25KWtvAtAn"",""recyi3JdtrW7c6Ipg"",""rec7OOfYPfUmK1tHk"",""recoDdshWOLqIg07b"",""recgA2Hav9cRWbeGo"",""recFoKZaaNPcZ5YPp"",""recYrqbEAkGrBGHEJ"",""recnuVznIhpcuUstx"",""recnXXk1NGW7jGHey"",""recn2pU68eiJ2edZ6"",""recvZs7uLioVskZzD"",""recYXP5O1tFiOPDNC"",""rec0tLWbt6QFzEwLO"",""recyAfxRzbEtt7qVd"",""recrN6OT8Z8yIokPH"",""recQ11oSQ1VyADqQC"",""recYPfoaYAs4fVPHc"",""recJ22WRPLkyr6V5d"",""recax0FPcN7fkZDhV"",""recoI8jnKlg8tKZUM"",""recv2b1tRedCZXXPp"",""recxPWbzAamHDZXGJ"",""recWmpQJepn8mEWEc"",""recwEwrbK4UJgkR5p"",""recGIqXXMGpqEV3Ro"",""recrPxuY6Vqwlrksy"",""recWkgDScpC5eUUa6"",""rec5x04cD3JPk58B8"",""recM7bMzmlshgLJjA"",""recx5L76xOVj2bpLl"",""recg5lD1WsmBXZw3g"",""reclNTvJei34GIHxP"",""reclY5teDTkgCWQiw"",""rectMmDGI9JeYW1Z7"",""recSzUkStewqUsAke"",""recOnFBCeyUYnvQVn"",""recMr6NjPUQFFJnXj"",""recnGCJRBcfKiam7L"",""recNDSEnTXO41MZXi"",""recINuwGtqKFRReeu"",""recJlGwgCpol79dmA"",""recmPkpjmDRFSxXZ6"",""reccaAmTRh7YRuVGm"",""recDZs7F4HzrQjzcp"",""recp0ORiIJcm6T1zU"",""recxAUc3uL14B2as0"",""recKNWoFyE0EOgR0R"",""recq33aW6Yt4OqQeL"",""reckfXn6acERdWeGy"",""recGqa559DUy3dzci"",""recIfMy8DAW0iJsiA"",""recjfaAkYuffHuEGw"",""reck6bx0yMUpua55h"",""recZ1BhIPQUdK5h0j"",""rec12CO2FcYXEkYoW"",""rec43JhroGxSN08Gs"",""recFdWnK4HVht6pMg"",""recvSpWAkrxr88sh3"",""recrppGvZMXe94PgR"",""recn37DRe1lpr7vbm"",""rec7sG74oAysSiHwk"",""rect24zYBnQd99v0d"",""recby33O1Bj59KZYs"",""recXxcfE246hp4EQx"",""recoD30Z5sJyb4djV"",""recljcW4jtmsAHOYd"",""recMNXrK1UjY3OVRp"",""recQeXssEX9yFoTxl"",""recnIbhAmx1RgDK2r"",""rec5PPMBC43gvjTqj"",""rec7VEYArrFFk52nC"",""recdPKPy0nDMI9i0p"",""recwoxjFBBe5tjZTC"",""recIaZyiRrnCUmW8z"",""reccjK9SOdH1aFgFq"",""recgcBUFuN3VtaFbK"",""recCVnmfOY59v7c3J"",""recQotT1CwNnteeM1"",""recpjjMgolflbbuIV"",""recngI5KVhF80yHER"",""recoE1S51RqC7G2xn"",""rec6rZbudxZ44dq3c"",""rechz5fJ3IqidX0RR"",""recKHQuHDOY8tspc4"",""rec9omNzNQkGq5R5y"",""recpb3L2KZqBEzK4K"",""recgQD7hz4a6C5HyM"",""recVrFHZwgqH8SduP""]"
rec6pV62iy82FcoXQ,2025-01-28T07:45:59.000Z,Business Continuity Platforms,2025-01-28,Active,"[""recL0YYzJkzLRAX9A""]",V_01-28-2025-00-00-00,2025-02-09T21:43:29.000Z,"[""recKd5eeuUOWPh2F4"",""receHVRO7Fde4dBt0""]"
rec6tA7tPlo2qdS4G,2025-01-28T07:45:51.000Z,Seed Bank Management,2025-01-28,Active,"[""reczWby8ynKcMq1CD""]",V_01-28-2025-00-00-00,2025-01-28T07:45:51.000Z,
rec6tktRjSfvkzubD,2025-01-28T07:45:29.000Z,Vulnerability Mapping Software,2025-01-28,Active,"[""recZlMwcic72dQQ2g""]",V_01-28-2025-00-00-00,2025-02-09T21:43:29.000Z,"[""recakRkEJSmyDjasR"",""recKWkaapI1u1f5Po"",""rec9jFajIRRLEKikK"",""rec3TYNFc8RbZq1Cy"",""recj12R1SV0OfbZjX"",""recWHN6bMy9dNvSd5"",""recGi0jOUiruP2pEC"",""recoJGPomC2FBQT4h"",""recsvqYNq01rrrkJN"",""recRUjEpksShIracX"",""rec2hxB5GX4rzDtcJ""]"
rec7Y8Or764ZCbLcv,2025-01-28T07:45:53.000Z,Recovery Financing Systems,2025-01-28,Active,"[""recsKvsr32KNM9vvq""]",V_01-28-2025-00-00-00,2025-01-28T07:45:53.000Z,
rec7l4SMPy0alIkTb,2025-01-28T07:45:45.000Z,Predictive Maintenance Systems,2025-01-28,Active,"[""recxG8gMU2ifwGwIX""]",V_01-28-2025-00-00-00,2025-02-09T21:43:29.000Z,"[""recNqGR61oPeIJCaU""]"
rec7yCGu70fCVrsHO,2025-01-28T07:45:28.000Z,Wildfire Detection Systems,2025-01-28,Active,"[""recZlMwcic72dQQ2g""]",V_01-28-2025-00-00-00,2025-02-09T21:43:29.000Z,"[""reciVnRK0uKMJ6QtD"",""recaFc3nCYnP80kxd"",""rec2E2Tt5iTmg34Is""]"
rec8LQ3UtGG9ODKYb,2025-01-28T07:45:32.000Z,Drought-Resistant Water Infrastructure,2025-01-28,Active,"[""recW69WCUlbIveX6W""]",V_01-28-2025-00-00-00,2025-01-28T07:45:32.000Z,
rec8WfG7K1M2OxDtl,2025-01-28T07:45:52.000Z,Livestock Management Systems,2025-01-28,Active,"[""reczWby8ynKcMq1CD""]",V_01-28-2025-00-00-00,2025-01-28T07:45:52.000Z,
rec97hpNS9tFrlZ1c,2025-01-28T07:46:00.000Z,Adaptation Project Evaluation,2025-01-28,Active,"[""recL0YYzJkzLRAX9A""]",V_01-28-2025-00-00-00,2025-01-28T07:46:00.000Z,
rec9XOkbFYOz5b0hB,2025-01-28T07:46:02.000Z,Resilient Development Planning,2025-01-28,Active,"[""recL0YYzJkzLRAX9A""]",V_01-28-2025-00-00-00,2025-01-28T07:46:02.000Z,
rec9wIilhDq1tOCGu,2025-01-28T07:45:50.000Z,Food Transport Tracking,2025-01-28,Active,"[""reczWby8ynKcMq1CD""]",V_01-28-2025-00-00-00,2025-01-28T07:45:50.000Z,
recA3JJvRva9S4g6r,2025-01-28T07:46:00.000Z,Insurance Modeling Systems,2025-01-28,Active,"[""recL0YYzJkzLRAX9A""]",V_01-28-2025-00-00-00,2025-01-28T07:46:00.000Z,
recA65SBaYO7EFOxX,2025-01-28T07:45:57.000Z,Progress Monitoring Tools,2025-01-28,Active,"[""reczirxn83VMd6Ynt""]",V_01-28-2025-00-00-00,2025-02-09T21:43:29.000Z,"[""recA3GACpik4WSWqc"",""recCLBju9m9lrnE4r"",""recDxSRfCVjAOeydp"",""recMh7x0dd6dXWCXF"",""reck94UmUGchWHqY1"",""recuX3wsh7tU7D9Y6"",""recZQWsrNNgR62Usx"",""reccqVskobgPoNmef"",""recMpIabTocKNjml2""]"
recAIAl0lWyixDp3V,2025-01-28T07:45:37.000Z,Disaster Response Coordination,2025-01-28,Active,"[""recz2FK1dAxPB2MvE""]",V_01-28-2025-00-00-00,2025-02-09T21:43:29.000Z,"[""recDbkfoPurpCoBV9""]"
recBR90U9jvFOx4Gr,2025-01-28T07:45:46.000Z,Disease Surveillance Platforms,2025-01-28,Active,"[""rechqr3Zono6Xqmcq""]",V_01-28-2025-00-00-00,2025-02-09T21:43:29.000Z,"[""recWvdm9rf4WpoOx0"",""recrqCkXW2gJmsgWn"",""recZG3hqH7oWIqQtT"",""rec2Q4EvPJY2m9Grr""]"
recBRmvqGOBLsfI09,2025-01-28T07:45:40.000Z,Urban Habitat Connectivity,2025-01-28,Active,"[""reciGjhvWmulaMj4S""]",V_01-28-2025-00-00-00,2025-02-09T21:43:29.000Z,"[""recIHfOCxLFUC5H2m"",""rec8XiJ9nkfUnPe6h"",""recooevkTKM1JogVp"",""reclFjcUS5o17Sv6u""]"
recBaXzOMeMsGuBdz,2025-01-28T07:45:40.000Z,Urban Forest Management,2025-01-28,Active,"[""reciGjhvWmulaMj4S""]",V_01-28-2025-00-00-00,2025-02-09T21:43:29.000Z,"[""recFkbpSZtAle7qFz"",""recSLRWlNupA3HhC5"",""recRjjI9HuI3a5eQV"",""receRSpY7Z3V4Q8vi""]"
recCQtfgXylOcXeC7,2025-01-28T07:45:41.000Z,Marine Ecosystem Monitoring,2025-01-28,Active,"[""reciGjhvWmulaMj4S""]",V_01-28-2025-00-00-00,2025-02-09T21:43:29.000Z,"[""recUCnSEmn5koiIPe""]"
recCUbEoy1UPRDJ7s,2025-01-28T07:45:49.000Z,Soil Health Tracking,2025-01-28,Active,"[""reczWby8ynKcMq1CD""]",V_01-28-2025-00-00-00,2025-01-28T07:45:49.000Z,
recCWD75OxckE43LP,2025-01-28T07:45:39.000Z,Habitat Monitoring Platforms,2025-01-28,Active,"[""reciGjhvWmulaMj4S""]",V_01-28-2025-00-00-00,2025-02-09T21:43:29.000Z,"[""recdEcahZyqtFkGzH"",""reccuZkGtsom2gnQR"",""rec5gYX0bHiLqmwIj"",""recvTC34d8c3vGIeg"",""recD2Z1YlyQbuxEtj"",""recNzZyzH0S6MKOsc"",""recnhJA1OKg9bmWvu"",""recth5VJSRryg8szn"",""recThKHXjvitiDnOT"",""recrmEIb3wdvwSirE"",""reccHiqTGDHAQsU7v"",""recMy9J4fP6LWm4vY"",""recALoE3COnCOvzap"",""recTlxmPDk7EdZOeA"",""reccLy891ZOvshAPZ"",""reclfCBLkkPzbLvml"",""rec7onTXFlGfPh19z""]"
recCyYcu2OIhjs9Aa,2025-01-28T07:45:27.000Z,Severe Weather Warning Systems,2025-01-28,Active,"[""recZlMwcic72dQQ2g""]",V_01-28-2025-00-00-00,2025-02-09T21:43:29.000Z,"[""recj9UuOMMAWLdDOY"",""rec1BhSfGLKfCGE05"",""recnfjz9Fo0QSgPIf"",""recdyTNfwXQUKn6l6"",""recPJ85hZP07VcFYp""]"
recErB9g48nn7tskP,2025-01-28T07:45:58.000Z,Adaptation Mainstreaming Tools,2025-01-28,Active,"[""reczirxn83VMd6Ynt""]",V_01-28-2025-00-00-00,2025-01-28T07:45:58.000Z,
recEwVK094oGTVF3U,2025-01-28T07:45:29.000Z,Risk Assessment Tools,2025-01-28,Active,"[""recZlMwcic72dQQ2g""]",V_01-28-2025-00-00-00,2025-02-09T21:43:29.000Z,"[""recmiuZFkVSuToZ6e"",""recAHUuCbFclsmG3J"",""rec3SSwVk19hJP7tR"",""rec3iWPUWiwGXmr0O"",""rec2AdMuoZmFtmdDI"",""recJuA9aA3GIhW9xN""]"
recF8kgjPNTPPRme8,2025-01-28T07:45:42.000Z,Ecosystem Service Valuation Tools,2025-01-28,Active,"[""reciGjhvWmulaMj4S""]",V_01-28-2025-00-00-00,2025-02-09T21:43:29.000Z,"[""recvPoOd2SebhK9aQ""]"
recFFNdzBeDKMlqBF,2025-01-28T07:45:39.000Z,Ecosystem Health Assessment,2025-01-28,Active,"[""reciGjhvWmulaMj4S""]",V_01-28-2025-00-00-00,2025-02-09T21:43:29.000Z,"[""recW1Yk7oeUTD2Vj7"",""recCh9gfFrcDllaTy""]"
recFLXBwAWm5cJuEK,2025-01-28T07:45:44.000Z,Quality Testing Networks,2025-01-28,Active,"[""recxG8gMU2ifwGwIX""]",V_01-28-2025-00-00-00,2025-02-09T21:43:29.000Z,"[""rec6cxspSfVeT6ppO"",""rechpE0z7sujwEfws""]"
recFQYElv4J0OrW6Y,2025-01-28T07:45:51.000Z,Pest Monitoring Systems,2025-01-28,Active,"[""reczWby8ynKcMq1CD""]",V_01-28-2025-00-00-00,2025-01-29T15:29:00.000Z,
recFVL8HpmKQWPR0f,2025-01-28T07:45:46.000Z,Health Alert Systems,2025-01-28,Active,"[""rechqr3Zono6Xqmcq""]",V_01-28-2025-00-00-00,2025-02-09T21:43:29.000Z,"[""recU5UnpmneRzJA4p"",""recyRCxdlZpUFIhPF"",""recBBpeDuXoKphIJD"",""recMDbBH4SVJMNqwc""]"
recFaYH0x4YajtYMl,2025-01-28T07:45:30.000Z,Landslide Monitoring Networks,2025-01-28,Active,"[""recZlMwcic72dQQ2g""]",V_01-28-2025-00-00-00,2025-02-09T21:43:29.000Z,"[""recjGktLEGvtiJ427"",""recn0OgJqep8Jwd1Q"",""rechcfBDTLBFkc3BY"",""recGm43VKu23rh6pw""]"
recFcN5z4VbRkqv0c,2025-01-28T07:45:31.000Z,Multi-Hazard Integration Platforms,2025-01-28,Active,"[""recZlMwcic72dQQ2g""]",V_01-28-2025-00-00-00,2025-02-09T21:43:29.000Z,"[""recwk4QBcH1GM7d1s"",""recyj1Dq8o0Cn34fb"",""recdhjEwxDR8TGRbs"",""reccarkLxBXf2ktmV"",""rec80p19oMgbCv1iZ"",""rec2QOTj7HC3xXmkj""]"
recFsj60LdN88oQR2,2025-01-28T07:45:34.000Z,Coastal Defense Systems,2025-01-28,Active,"[""recW69WCUlbIveX6W""]",V_01-28-2025-00-00-00,2025-01-28T07:45:34.000Z,
recFwi0W0jumE4TzI,2025-01-28T07:45:54.000Z,Volunteer Coordination Tools,2025-01-28,Active,"[""recsKvsr32KNM9vvq""]",V_01-28-2025-00-00-00,2025-02-09T21:43:29.000Z,"[""recblqKRWri5pPPH8"",""rec2YKfvJ40BeGeXb""]"
recG6Yl8QvY8Dhcdq,2025-01-28T07:45:37.000Z,Reconstruction Management Tools,2025-01-28,Active,"[""recz2FK1dAxPB2MvE""]",V_01-28-2025-00-00-00,2025-01-28T07:45:37.000Z,
recGAkb4Pp2LA6HoF,2025-01-28T07:45:27.000Z,Flood Alert Networks,2025-01-28,Active,"[""recZlMwcic72dQQ2g""]",V_01-28-2025-00-00-00,2025-02-09T21:43:29.000Z,"[""recxIbNGLl28JlQ9b"",""recDGujSBLQ64fPbq"",""recfaTQd7SOpiJPdR"",""recdBCXQSyBTHO9AD"",""recFrUBjR4jZd2za5"",""recjMCt5E56lOR9vS"",""recyZS3cvGlZH04DL"",""recIJuPcbVWIQyb7c"",""recmDhPZjwccK9BDr"",""recYp9qxwW6IPDdcy"",""rec3cv3NRNUkpAEMh"",""reca5xIy8fQErZRV8"",""recbXb1bf5oRu058t"",""recUDBwSQlGTM1y5o"",""rectx7gresMH80jvc"",""rec3qnHYU3wCBcAeg"",""reclSesRmtilgAhJI"",""recVwmrT6R9TcyfF6"",""recnGD4HpmiauRitp"",""recnYVEU6SiiOfxIc"",""rec9NbgAYAyxRyr3J"",""recJPfRyMXRKIEOw7"",""rec2saxLJZVsdykYg"",""rec9P5Pw6LX0p5KqQ"",""recC9f5wVC7adlihG"",""recbjsu7yiQIh43CY"",""recVkWXUVagLsFcrd"",""reci0KYkVVItB91kp"",""recDhNbCd8VHD5Rrf""]"
recGYbMY6ToCNmsUA,2025-01-28T07:45:31.000Z,Crowd-Sourced Hazard Reporting Systems,2025-01-28,Active,"[""recZlMwcic72dQQ2g""]",V_01-28-2025-00-00-00,2025-02-09T21:43:29.000Z,"[""recYcnP9jYHOVHbFF"",""recv3mFstdezLYVpL"",""recR4T5fl0HibiTxf"",""reci29EUQUphxHH15"",""receqoLZgUYORxGOM"",""recK93w9IMTgwpObL"",""recstZkXxJaZM1iqx"",""recesjszqc4lLcwsP"",""recOUm2V7xUhiFSQ9""]"
recGlUF75ofuem5HA,2025-01-28T07:45:42.000Z,Water Conservation Tools,2025-01-28,Active,"[""recxG8gMU2ifwGwIX""]",V_01-28-2025-00-00-00,2025-02-09T21:43:29.000Z,"[""recP9OOnO58WC0ytq""]"
recGpzdmqDuDJVSUN,2025-01-28T07:45:34.000Z,Wind-Resistant Building Systems,2025-01-28,Active,"[""recW69WCUlbIveX6W""]",V_01-28-2025-00-00-00,2025-01-28T07:45:34.000Z,
recGqRL3n4WP15LON,2025-01-28T07:45:54.000Z,Insurance Technology Solutions,2025-01-28,Active,"[""recsKvsr32KNM9vvq""]",V_01-28-2025-00-00-00,2025-01-28T07:45:54.000Z,
recH8j6rL3KgSacGV,2025-01-28T07:45:35.000Z,Community Notification Platforms,2025-01-28,Active,"[""recz2FK1dAxPB2MvE""]",V_01-28-2025-00-00-00,2025-02-09T21:43:29.000Z,"[""recG2lwH7yoJnuK8x"",""recXr2TgG47VcK3Jn"",""recZwnYyW3OP9LQcL"",""rechOFWCJaCmzEOKL"",""reccCbDbCMcu9bjJk"",""recRmtpM5KglPPTs3"",""recexw7PIJoklMViq"",""recKG5Etj7tb8CHb7"",""recHZAE5W9q3iOZsA"",""recYD5Y1jjx4TuxX7"",""rec6CdalmxShOQoWi"",""recdUJvYc9hEkbtx5"",""reck4UAdDuTBNxwZ4"",""recYmjBmGv4EU7S8c"",""recWvf749LbbVLhUq"",""rec5BT9dn1C4ENApU""]"
recHCkYpE2DkrvIsR,2025-01-28T07:45:43.000Z,Water Reuse Solutions,2025-01-28,Active,"[""recxG8gMU2ifwGwIX""]",V_01-28-2025-00-00-00,2025-01-28T07:45:43.000Z,
recHXYokf5bUwDB2s,2025-01-28T07:45:50.000Z,Food Storage Management,2025-01-28,Active,"[""reczWby8ynKcMq1CD""]",V_01-28-2025-00-00-00,2025-01-28T07:45:50.000Z,
recHY7s0g0T5ebwB5,2025-01-28T07:45:28.000Z,Weather Monitoring Stations,2025-01-28,Active,"[""recZlMwcic72dQQ2g""]",V_01-28-2025-00-00-00,2025-02-09T21:43:29.000Z,"[""rec48iiEPRjEkfdK5"",""recy0k7ffoSNvm201"",""recR5WMcA7AXjPfnD""]"
recHeZGpmci0idkGm,2025-01-28T07:45:32.000Z,Water Storage Facilities,2025-01-28,Active,"[""recW69WCUlbIveX6W""]",V_01-28-2025-00-00-00,2025-01-28T07:45:32.000Z,
recIDzn0k9xfuEbyf,2025-01-28T07:45:32.000Z,Flood-Proof Construction Techniques,2025-01-28,Active,"[""recW69WCUlbIveX6W""]",V_01-28-2025-00-00-00,2025-01-28T07:45:32.000Z,
recIdHXdodV9oKdur,2025-01-28T07:45:47.000Z,Mobile Health Units,2025-01-28,Active,"[""rechqr3Zono6Xqmcq""]",V_01-28-2025-00-00-00,2025-02-09T21:43:29.000Z,"[""recWweJJ4OXZS66T9""]"
recIn08QjtUy8BOFE,2025-01-28T07:45:30.000Z,Earthquake Early Warning Systems,2025-01-28,Active,"[""recZlMwcic72dQQ2g""]",V_01-28-2025-00-00-00,2025-02-09T21:43:29.000Z,"[""reckvvRQ445j9DMzN"",""recqvr0Vix8mT47Ju"",""rec3zEhhxPryMjoeZ"",""rec9ic6nS8Mmcvkxf"",""recbeB7OjV3mvCuJ8"",""recQCsovc5TS7eID6"",""recsBWXcgJN1ZvdKz"",""recv3S4EvU4ebcHwE"",""reczhpMSCbnbyy8Xz"",""recmwYUwk7gQRCyvm"",""rec0gXW9wJEcoWygK"",""recexaTsOL7HmPr8G"",""recf9iMJWsRnJxZu7"",""recv2IweSgsXp3LaJ"",""reczqxYBx9INZuAuy"",""recLYGPW2L5ugezFk"",""recqL6V7urpRzKDno"",""reccD5em7fzACOtw1"",""recmko4pNnLKullTV"",""rectSDjk0QHMO2fkD"",""reczlbfizlhga70pq"",""recDYu5kEGuGFijW9"",""recPt8ks8X9ZQEy2Y""]"
recJdVAc7xQeknnYW,2025-01-28T07:45:50.000Z,Local Food System Platforms,2025-01-28,Active,"[""reczWby8ynKcMq1CD""]",V_01-28-2025-00-00-00,2025-02-09T21:43:29.000Z,"[""recqkZhvK0PaSjVBp"",""rec0XW6cYOEvQt9S8"",""reccqJT16SAoKbYdz"",""recMDegHamug284bW""]"
recJsZSRJ8IbzDjnt,2025-01-28T07:45:55.000Z,Vulnerability Analysis Tools,2025-01-28,Active,"[""reczirxn83VMd6Ynt""]",V_01-28-2025-00-00-00,2025-02-09T21:43:29.000Z,"[""recc87A4F2mPjBVaa"",""recX1l4iY8jDtfRRE"",""rec2FTh4cRs4YfvGx"",""rec0JWEmmjjzsA7y5"",""recf7VMVXZScjeCjk"",""recpMSbekjZKA9wgL"",""recSMTvpNJ9tGQjgw"",""recAQmDoWkVfGtdCB"",""recC0rLIm5oGNea8A"",""rec5c46E2rwiLqK8c"",""recdqJn21LP7ZFTXJ"",""recUAiBU0fR1CoiDx"",""recfY2fPoBETPZmF1"",""recADFKDK5cVKILDD"",""recVqSHzJB5pRaV0i"",""recR69SijAEX0W6wc"",""recTBCuwF9NPAFEvt"",""recrwLKFUMN680gPa"",""rec3atrLQt1wPeXa3"",""recS221ORkmNdxvvc"",""recMAR9SpZfBGRZsg"",""recVKb47PNbC7Plnm"",""rec4NBGpMcyOJoybW"",""recQKZaPehgtnjAvX"",""reclfs15ZiaTPf2JY"",""recMFLMvIOHMjXtRp""]"
recK2moMsZTXfYuIH,2025-01-28T07:46:00.000Z,Asset Protection Planning,2025-01-28,Active,"[""recL0YYzJkzLRAX9A""]",V_01-28-2025-00-00-00,2025-01-28T07:46:00.000Z,
recKYzBe89ixYJmjR,2025-01-28T07:45:48.000Z,Emergency Medical Dispatch,2025-01-28,Active,"[""rechqr3Zono6Xqmcq""]",V_01-28-2025-00-00-00,2025-02-09T21:43:29.000Z,"[""recmTOm1djQxfXFIE""]"
recKczRnmiF3VgIYY,2025-01-28T07:45:44.000Z,Saltwater Intrusion Tracking,2025-01-28,Active,"[""recxG8gMU2ifwGwIX""]",V_01-28-2025-00-00-00,2025-01-28T07:45:44.000Z,
recKvW3aywaNBbDG9,2025-01-28T07:45:55.000Z,Community Education Platforms,2025-01-28,Active,"[""recsKvsr32KNM9vvq""]",V_01-28-2025-00-00-00,2025-02-09T21:43:29.000Z,"[""recwwiXJSk4OjKfun"",""recUJ3jkZs5QYx80j"",""recndKfbgcqbpF0HW"",""rec5ix7iJQPMUs2tI"",""recNnj3CRu0A3rhjP"",""recxdTJTajcEEr2p5"",""rec3lvGnMM98Fpsp7"",""rect6397i0YHvexTM"",""recT9980gBDRX7Aj0"",""reciaeOBmsIp20I0B"",""recq27eVt9mRMy8oK"",""recBtYieFqNqzU3iX"",""recwIQDlUB8d5JTpA"",""recyPA11YkkOMEZst"",""recgniXZ3TZy8XoGm""]"
recLwgpbTck6uA01Q,2025-01-28T07:45:58.000Z,Stakeholder Engagement Tools,2025-01-28,Active,"[""reczirxn83VMd6Ynt""]",V_01-28-2025-00-00-00,2025-01-28T07:45:58.000Z,
recM1IiGYzTIadogq,2025-01-28T07:45:43.000Z,Groundwater Management Platforms,2025-01-28,Active,"[""recxG8gMU2ifwGwIX""]",V_01-28-2025-00-00-00,2025-02-09T21:43:29.000Z,"[""rec7EQizW786PEtig"",""recfMfDAFC9TJnXIx"",""recTznN4QlbNWWK0F"",""recfr87tAdpTHS48N""]"
recMaDWc8Tltlq7T2,2025-01-28T07:46:01.000Z,Value Chain Resilience,2025-01-28,Active,"[""recL0YYzJkzLRAX9A""]",V_01-28-2025-00-00-00,2025-01-28T07:46:01.000Z,
recMeKoCMNltyqcRv,2025-01-28T07:45:57.000Z,Adaptation Tracking Platforms,2025-01-28,Active,"[""reczirxn83VMd6Ynt""]",V_01-28-2025-00-00-00,2025-02-09T21:43:29.000Z,"[""recKbThzjl8gOy3Ck"",""recjOyNRGfwMegyRT"",""recVLGt26MLJUIrub"",""recEQxT3GSquiGgbw"",""recY5o4qXew3TP4YC"",""reccrDjmoAztner4c"",""receROHEhJdaYTkTQ"",""recWp9NFzpDhpZsI7"",""rec3gWukYyAGe4tJE"",""rech8M2ihVtMsSBzM"",""recmoriLQb0qiVEsq""]"
recMxASM61CAWebMx,2025-01-28T07:45:29.000Z,Predictive Modeling Systems,2025-01-28,Active,"[""recZlMwcic72dQQ2g""]",V_01-28-2025-00-00-00,2025-02-09T21:43:29.000Z,"[""recrShYdqkN0w7WKY"",""recg4ZVifrRId1JN9"",""recds434WEC2OzB9r"",""recJaxsoOrcWHKrZy"",""recPgSUp0wSkxwn68"",""recBHIruYtoyRVfEK"",""rec8ndh98COqlvd2V"",""rechCs0cr1WVlBoHf"",""recx47OQVpOXxupgJ"",""recnoCycrp6gA50Fu"",""rec9NTx3J0Le1kWwj"",""recr19Mm3d5q9AYzI"",""reccifceWVuBxj1BU"",""recsFB83p2vOKl5wm"",""recFMkRmpVHq95LNl"",""recyh68oYg2btj0zX""]"
recNCJPQTWGlhyeSd,2025-01-28T07:45:53.000Z,Economic Impact Monitoring,2025-01-28,Active,"[""recsKvsr32KNM9vvq""]",V_01-28-2025-00-00-00,2025-01-28T07:45:53.000Z,
recNN9gH4iajXwIOW,2025-01-28T07:45:48.000Z,Health Facility Resilience,2025-01-28,Active,"[""rechqr3Zono6Xqmcq""]",V_01-28-2025-00-00-00,2025-01-28T07:45:48.000Z,
recNOHBBQVSRx1xpi,2025-01-28T07:45:28.000Z,Heat Wave Early Warning,2025-01-28,Active,"[""recZlMwcic72dQQ2g""]",V_01-28-2025-00-00-00,2025-02-09T21:43:29.000Z,"[""recKGnkncQaKiaASR""]"
recNwvlDQ6GWxTVVa,2025-01-28T07:45:47.000Z,Emergency Medical Systems,2025-01-28,Active,"[""rechqr3Zono6Xqmcq""]",V_01-28-2025-00-00-00,2025-02-09T21:43:29.000Z,"[""recZIBZCnT0a0qiQp""]"
recODqaRUgJkgHfNq,2025-01-28T07:46:01.000Z,Economic Recovery Planning,2025-01-28,Active,"[""recL0YYzJkzLRAX9A""]",V_01-28-2025-00-00-00,2025-01-28T07:46:01.000Z,
recOo9ofetPWICGxB,2025-01-28T07:45:39.000Z,Erosion Tracking Systems,2025-01-28,Active,"[""reciGjhvWmulaMj4S""]",V_01-28-2025-00-00-00,2025-01-28T07:45:39.000Z,
recOz1kN8p85lXBrU,2025-01-28T07:45:55.000Z,Neighborhood Support Networks,2025-01-28,Active,"[""recsKvsr32KNM9vvq""]",V_01-28-2025-00-00-00,2025-01-28T07:45:55.000Z,
recPBMxFQu0UI7uVd,2025-01-28T07:45:53.000Z,Emergency Shelter Management,2025-01-28,Active,"[""recsKvsr32KNM9vvq""]",V_01-28-2025-00-00-00,2025-01-28T07:45:53.000Z,
recPIhqiBtTKuqDFM,2025-01-28T07:45:32.000Z,Storm-Resistant Design Systems,2025-01-28,Active,"[""recW69WCUlbIveX6W""]",V_01-28-2025-00-00-00,2025-01-28T07:45:32.000Z,
recPLP7zvcNKK4QLk,2025-01-28T07:45:38.000Z,Emergency Service Routing,2025-01-28,Active,"[""recz2FK1dAxPB2MvE""]",V_01-28-2025-00-00-00,2025-02-09T21:43:29.000Z,"[""recQ7SYbxGY6TT7zY"",""recYuaoGZlBVeojZy"",""rec7mB9ss7t9IN60p"",""rec9cP46jnaeaRBt1"",""recxULcYNOjkHmnJj""]"
recPgqH9p6xMkrmct,2025-01-28T07:45:34.000Z,Permeable Pavement Solutions,2025-01-28,Active,"[""recW69WCUlbIveX6W""]",V_01-28-2025-00-00-00,2025-01-28T07:45:34.000Z,
recPlU0Cl9iEsruLU,2025-01-28T07:45:36.000Z,Evacuation Planning Tools,2025-01-28,Active,"[""recz2FK1dAxPB2MvE""]",V_01-28-2025-00-00-00,2025-01-28T07:45:36.000Z,
recPowvweSiYvhdrY,2025-01-28T07:45:52.000Z,Community Resource Mapping,2025-01-28,Active,"[""recsKvsr32KNM9vvq""]",V_01-28-2025-00-00-00,2025-02-09T21:43:29.000Z,"[""receLd4fWM8wOGlGJ"",""rectSW2V7Z8gO6u2z"",""recoyMu7eZ17umbm9"",""rec61vd39xtLGAv4w"",""recY7OQOmAzwaG3aK"",""recdPkpr2n713yloQ"",""recoSkgeJqddGH4AT"",""recx2fpyBbXp9z18K"",""recMPtU4CydDJIgnt"",""rect3zLdPhHnsrwIc"",""rec3oSHGxxQtPmXcD"",""recMTULTkNpEJe0Sz"",""recsB2zpaovOTNFTm"",""recX6RBTqMgASnfyK"",""recZ1PRx3vF0HHGQV"",""recGVHB6nHN8jTCaP"",""recM21wSsKWi5Ue7s"",""recpOOVMQq2I5GRkG"",""rec4zeLklufi4KmLW"",""rec18q0eY3RZGRV6H"",""recbp7pXZfKWFgRUq"",""rec5LF77vCGe3M9Kw"",""recfBSG6EKtfTk8sA"",""rec7tvljMKAudpNVs"",""rechUbNpuu4hEiGmX"",""recl5xHLo1bEF4l7K"",""recQkIybTjoamQA6g"",""rectbEcXex9ACVACJ"",""rec8kh5fYdWWr0PrU"",""recHYQjDPYiujPO5e"",""recMtBYvZYj4jRFiE"",""rec2ymF9Ejls1rgYv"",""rec4cchVLqTTxQkC5"",""recRXPuQcb2ktuqKO"",""recnLibfZIwVbuXiK"",""rec5Xyguj0VFclP9L"",""recBTxuLdIwJm1K6i"",""recwYhRTieLggZqLs"",""recrhPo8H272MH0cS"",""recN7hbtq9pyAxyPy"",""rec212SMGcVtLmF9R"",""recjg1XjCQqwmhK3r"",""recGYH07yn0ms5HY6"",""recN1RTEJQQsiMJNy"",""recSR3iQptfMKU6PA"",""rec5EJDSI60hD0MSC"",""reciMbGB2UHlwAIkM"",""reciOzEfnDCqrGkuK"",""recBBDTiXV6pmtkfA"",""recmXpVUjAjBGB3Rn"",""recrTFfUAnERwhHuj"",""recK5ZMDYaBySOnpS"",""recU0a3bQNmYiIrWd"",""recdvcLZkdFOukkGD"",""rec2uWQohCadZbP3I"",""rectcE8voINlAyych"",""rec8ral5MvtGNXwW0"",""recWAC4O9jDAQETiV"",""recXWSxooVtAbMIOI"",""reclS1GaNcTohacnz"",""recu07ffHE5hMI15y"",""recg54uxqZxNY5Jvu"",""recMUPVjPRboSff4F"",""recMZaxrznqMmAAmU"",""recQannKYZDsDCzsy"",""rec91HM2AHBUDQx3K"",""reca4W3bfxsIGTWGg"",""recCwx1hiPlJknY1S"",""recEBuPoaqGXTlEHf"",""recjUQ9IyMYCSElmi"",""recSnG6b03pOYXtTr"",""recrzbgLLzmd0KRS5"",""recahzxrTfI7HgZzH"",""recvfwcXYoO8fHJXT"",""recxPNl3Rw8fEhmys"",""rec8v9SRT28KbQTwi"",""recz7IHIm1n9ZQZMk"",""recFu0IxPfnQA8kDa"",""recKAzGcK78i7JkvS"",""rec63C0Yuh4SYN6Nr"",""recOlsHQTFdrO03OD"",""recnaMVmjr2ToOnct"",""recadxxNtxYBRcXoF"",""recfg7KBXSsFRs5OG"",""recpbxTH0H6HiZAb4"",""rec0eC9tkHVUPQM4X"",""rechq858VFK70jfth"",""recuTtst59Dh6PeAj"",""recHYSCJbQLDpGlca"",""recxzHBSi6Na4xJJW"",""recQxZbSnOZJVMJO2"",""recSj1FiMa2A2Smdx"",""recgL2JVrj2b65Hia"",""recH68OCuhFPeMr2B"",""recIsUv30H9Ds1U62"",""rechjfVLyVIDgwtje"",""recsE55wLh0RhREom"",""recxDHRuo0JcxZPoh"",""recsUBTjpz2clZtzE"",""rec2BmpVVr2gmDJqm"",""recQQBIwt8bQjWdNj"",""reckHqmsWYH4fqN0G"",""recFECh4QiZRXJLKH"",""recKWSOFVl80VzWHT"",""recr9XH1I9vZp4Cri"",""recWHPK3glgbUaP8C"",""recOpZVeUggCbKFVm"",""recPJrXMznU6ueDjw"",""recN4ld87nTqi48e3"",""recv3fkDVwmTJJT5P"",""recAMpnGkf2leRhJw"",""recQp0q0N3te117tD"",""recVibhu3LnYRAiJH"",""recHJhUcq6lptHBIM"",""recJtJYFCiwZDUiGb"",""recJ7Mx3qpsWUmu2O"",""recM0erFtUgK9W5qt"",""recx6WZbuGpeyvVPT"",""recRzFfMv1JQiUGw2"",""reciFLTpXlX4nonuX"",""rec2fl1Bu3Qxmy36E"",""recS9FR2HiNjUvyzg"",""recodrjHze9Gt6PhB"",""rec3Ze0KlhNN9cVJr"",""rec3apbARNWsMuiOX"",""recdTNYorEwuYFsUd"",""reckNRwVH6gem8Weq"",""recMm43JUX97ooPvy"",""recM8RIkWPnqQlXgF"",""rec1Tltehr31qU0LU"",""rec3tQhoNoPCzxqXV"",""reccbKv7wnuJOZF4Z"",""recymy2T27aOLhanW"",""recFottSgTc7Jeflq"",""recUGZDPiyMI9TRoj"",""recnFVtsvSEWKCEhw"",""rec7dcevOc6k4SpMU"",""recjv9vanBUGNbo4t"",""recLnQiAtPb1hxWPd"",""recQRqylZCzmLigqS"",""recUECSM1Fh4uSv7j"",""recWv6cIfh4pw7QMX"",""recZChvxBDaWZklUv"",""reclRHt3ODGaauHj9"",""recW3fjRO2xo6u17s"",""recWycgyOZ6UmAG9C"",""recH8Hum6DKTPE5LO"",""recgnq2xp0RA02crF"",""reci5Vi9laX2TgvvF"",""recwVM2zO7Mf0ftdc"",""recDpVPLIODKEx72B"",""recFDOIhG3yMYXkWF"",""recC1GY5Juz1F3ms8"",""recWZF2z5qVimd8NR""]"
recQUj2aLvYphoRJm,2025-01-28T07:45:47.000Z,Air Quality Health Alerts,2025-01-28,Active,"[""rechqr3Zono6Xqmcq""]",V_01-28-2025-00-00-00,2025-02-09T21:43:29.000Z,"[""reca2tTKgwMKRyhHT"",""recE3uw1AdUzQaE6Q"",""recFeKHhsgKyQeSro"",""recGfcRU0Ki7MP6aT"",""recRVG7dZpxtXBRYK"",""reczWYmAkpR56kPs7"",""reccJSNhusC2E9J56"",""recgBkxyx4IaoPBDN"",""recIIhWNuERnySUrh""]"
recQz0FAhvQh0GSIg,2025-01-28T07:45:30.000Z,Storm Surge Detection Systems,2025-01-28,Active,"[""recZlMwcic72dQQ2g""]",V_01-28-2025-00-00-00,2025-02-09T21:43:29.000Z,"[""recnbAP0Lzg0kjTq4""]"
recRdt6SKXz421d0L,2025-01-28T07:45:49.000Z,Crop Resilience Monitoring,2025-01-28,Active,"[""reczWby8ynKcMq1CD""]",V_01-28-2025-00-00-00,2025-01-28T07:45:49.000Z,
recRpYxzzn3QlYb9R,2025-01-28T07:45:39.000Z,Wetland Management Tools,2025-01-28,Active,"[""reciGjhvWmulaMj4S""]",V_01-28-2025-00-00-00,2025-01-29T15:29:00.000Z,
recRwhbD6PYXLXr8Y,2025-01-28T07:45:45.000Z,Precipitation Forecasting,2025-01-28,Active,"[""recxG8gMU2ifwGwIX""]",V_01-28-2025-00-00-00,2025-02-09T21:43:29.000Z,"[""recI81MkWoDhGGgUj"",""recEgfQPsIUW3qkLq""]"
recS33WJiLeudOY9T,2025-01-28T07:45:52.000Z,Vulnerable Population Support Systems,2025-01-28,Active,"[""recsKvsr32KNM9vvq""]",V_01-28-2025-00-00-00,2025-02-09T21:43:29.000Z,"[""reck3FW8cgOns51sr"",""recXQgcXsp6UJaPnc""]"
recSA0wiGBiOEceub,2025-01-28T07:45:56.000Z,Adaptation Planning Software,2025-01-28,Active,"[""reczirxn83VMd6Ynt""]",V_01-28-2025-00-00-00,2025-02-09T21:43:29.000Z,"[""rec4JwURLWmdJ7IWc"",""recSWB6lNU7bpf1KY"",""recGHqQbnUP8QXvFp"",""recEO5NfzpJHGyVIn"",""recSNjGzlqBcaq0Kq"",""recLkWO6bf9WSAOs5"",""reco25bXFXVpz0xJM"",""recM3s4syDQFtwaEG"",""reclE8QGEVWQATn51"",""recuUzJsPxdJzQ7mH"",""reccQgGxSHvZDQGYw"",""recdCArfotIavAWGo"",""recwOMzuA2tjTHF4l"",""recG1iz9EDJyo7PlA"",""reclBYoypveufWZrC"",""rec9oNrdvHlVoZLoR"",""recwUktFiw15gXoQh"",""recNc5RX6nmajZ1BK"",""recQFbSLDKQBA5Puz"",""recpFKGfJUBgz11wJ"",""rec9wRGuqe3wgmvDS"",""recVriEY6I15K7GKF"",""recHXBM118svCRT20"",""recQfnatjnj0EZxgG"",""reczical959rJJCXu""]"
recSBQKKTEnFIXFri,2025-01-28T07:45:56.000Z,Infrastructure Planning Software,2025-01-28,Active,"[""reczirxn83VMd6Ynt""]",V_01-28-2025-00-00-00,2025-02-09T21:43:29.000Z,"[""recAhRZ4K2jAt6puF"",""rec0X0TObvEa8uBQP"",""recokMSQ636Hr1EKW"",""recclJ3fcbWXJFEYv"",""recZgmrtXKHuZTtCM"",""reckwvIvLaW9VsYt6"",""recDII2rPOl3HCYqw"",""recmK3CpRjPfs6njk"",""recexpmMKjDtZt2jR"",""recUZ3CJbL8H1Cm0L"",""rec4rY5IBY5jEeOiE""]"
recSTCTDKDzkbPQMB,2025-01-28T07:45:31.000Z,Stormwater Management Solutions,2025-01-28,Active,"[""recW69WCUlbIveX6W""]",V_01-28-2025-00-00-00,2025-02-09T21:43:29.000Z,"[""recRTQ10hre4279Pm"",""recBlFuVKlyJciINE""]"
recShb5XfHPkTFypC,2025-01-28T07:45:43.000Z,Treatment System Resilience,2025-01-28,Active,"[""recxG8gMU2ifwGwIX""]",V_01-28-2025-00-00-00,2025-02-09T21:43:29.000Z,"[""recf0kc9UrGuy8OsL""]"
recSjVpBwPbJSTdRY,2025-01-28T07:45:40.000Z,Coastal Ecosystem Tracking,2025-01-28,Active,"[""reciGjhvWmulaMj4S""]",V_01-28-2025-00-00-00,2025-02-09T21:43:29.000Z,"[""recQGAJ0brnDPVrwX""]"
recTFLyLanVIKIb6n,2025-01-28T07:46:01.000Z,Livelihood Protection Systems,2025-01-28,Active,"[""recL0YYzJkzLRAX9A""]",V_01-28-2025-00-00-00,2025-01-28T07:46:01.000Z,
recU6ffbToYx4F1US,2025-01-28T07:45:57.000Z,Resilience Investment Planning,2025-01-28,Active,"[""reczirxn83VMd6Ynt""]",V_01-28-2025-00-00-00,2025-01-28T07:45:57.000Z,
recUDoLvQ9jHOJg0x,2025-01-28T07:45:30.000Z,Avalanche Detection Systems,2025-01-28,Active,"[""recZlMwcic72dQQ2g""]",V_01-28-2025-00-00-00,2025-01-28T07:45:30.000Z,
recUJ6jApb5YtOHWo,2025-01-28T07:45:57.000Z,Effectiveness Assessment,2025-01-28,Active,"[""reczirxn83VMd6Ynt""]",V_01-28-2025-00-00-00,2025-01-28T07:45:57.000Z,
recUR7jWcCKUzEvVH,2025-01-28T07:45:59.000Z,Supply Chain Resilience Tools,2025-01-28,Active,"[""recL0YYzJkzLRAX9A""]",V_01-28-2025-00-00-00,2025-02-09T21:43:29.000Z,"[""recGhfHT3uTWmIroV"",""recWfssHCfGgFD4XV"",""rec8cYmau4RTFn0l6"",""recrQljjgpKK4XtJ5"",""recJ2F3BKQHpfmA9n"",""recxZRxFIVYu6bbTm"",""rec2GEWoKffcgk0Az"",""recHzRFdtj56JSChf"",""recRqScp3FLG6ZRhK""]"
recUTeV4QXa9pIUNC,2025-01-28T07:45:44.000Z,Watershed Protection Tools,2025-01-28,Active,"[""recxG8gMU2ifwGwIX""]",V_01-28-2025-00-00-00,2025-01-28T07:45:44.000Z,
recUVcQw48oLFLqvl,2025-01-28T07:46:02.000Z,Trade Flow Monitoring,2025-01-28,Active,"[""recL0YYzJkzLRAX9A""]",V_01-28-2025-00-00-00,2025-01-28T07:46:02.000Z,
recUgxqUikiFmQhUQ,2025-01-28T07:46:01.000Z,Economic Diversification Tools,2025-01-28,Active,"[""recL0YYzJkzLRAX9A""]",V_01-28-2025-00-00-00,2025-01-28T07:46:01.000Z,
recUrANIhkTekrKtU,2025-01-28T07:45:41.000Z,Invasive Species Tracking,2025-01-28,Active,"[""reciGjhvWmulaMj4S""]",V_01-28-2025-00-00-00,2025-01-28T07:45:41.000Z,
recV0O3DSpZ3X4IP5,2025-01-28T07:45:48.000Z,Mental Health Support Systems,2025-01-28,Active,"[""rechqr3Zono6Xqmcq""]",V_01-28-2025-00-00-00,2025-01-28T07:45:48.000Z,
recV1Ft0osjOqoZwv,2025-01-28T07:45:49.000Z,Water-Efficient Irrigation,2025-01-28,Active,"[""reczWby8ynKcMq1CD""]",V_01-28-2025-00-00-00,2025-01-28T07:45:49.000Z,
recW3FIItQoNf1BdV,2025-01-28T07:45:58.000Z,Policy Analysis Platforms,2025-01-28,Active,"[""reczirxn83VMd6Ynt""]",V_01-28-2025-00-00-00,2025-01-28T07:45:58.000Z,
recWXFdTucdpUHVMX,2025-01-28T07:45:42.000Z,Drainage Management Systems,2025-01-28,Active,"[""recxG8gMU2ifwGwIX""]",V_01-28-2025-00-00-00,2025-02-09T21:43:29.000Z,"[""recb8OHdgskkYMQdt"",""recSeTNJynzvBbG8x"",""recmEjNQjIjKyAWrB"",""recfUZPfklzYu1E7j"",""recfPAjeLOGLgwkew"",""recADED2l7ynb5dkR"",""recMnIROg3ZZXg1As""]"
recWov30EpbgkzPBl,2025-01-28T07:45:58.000Z,Risk Visualization Systems,2025-01-28,Active,"[""reczirxn83VMd6Ynt""]",V_01-28-2025-00-00-00,2025-02-09T21:43:29.000Z,"[""rectnLaWY0h4KPlAl"",""reckUfnOdhKUOwo4c"",""recwgqJXIz5Z9PD2m"",""recOGbFYfeb1o2ASI""]"
recXBWQ24uOmcek8E,2025-01-28T07:45:46.000Z,Climate-Health Impact Assessment,2025-01-28,Active,"[""rechqr3Zono6Xqmcq""]",V_01-28-2025-00-00-00,2025-02-09T21:43:29.000Z,"[""reccVmonhvHlHd9XB""]"
recXCFsu4B7Eilbkw,2025-01-28T07:45:44.000Z,Aquifer Recharge Monitoring,2025-01-28,Active,"[""recxG8gMU2ifwGwIX""]",V_01-28-2025-00-00-00,2025-01-28T07:45:44.000Z,
recXH1IPUUhQTqQrV,2025-01-28T07:46:01.000Z,Market Adaptation Tracking,2025-01-28,Active,"[""recL0YYzJkzLRAX9A""]",V_01-28-2025-00-00-00,2025-01-28T07:46:01.000Z,
recXcYlvGPrhVxlju,2025-01-28T07:45:41.000Z,Wildlife Corridor Monitoring,2025-01-28,Active,"[""reciGjhvWmulaMj4S""]",V_01-28-2025-00-00-00,2025-01-28T07:45:41.000Z,
recYjt9u3e2U7gdtD,2025-01-28T07:45:51.000Z,Distribution Network Management,2025-01-28,Active,"[""reczWby8ynKcMq1CD""]",V_01-28-2025-00-00-00,2025-01-28T07:45:51.000Z,
recZfvhnM8kI6fL4f,2025-01-28T07:45:57.000Z,Capacity Assessment Systems,2025-01-28,Active,"[""reczirxn83VMd6Ynt""]",V_01-28-2025-00-00-00,2025-01-28T07:45:57.000Z,
reca49mtI7eOv4uYZ,2025-01-28T07:45:40.000Z,Permeable Surface Management,2025-01-28,Active,"[""reciGjhvWmulaMj4S""]",V_01-28-2025-00-00-00,2025-01-28T07:45:40.000Z,
recaYD5EJpQqNeFXn,2025-01-28T07:45:55.000Z,Cultural Heritage Protection,2025-01-28,Active,"[""recsKvsr32KNM9vvq""]",V_01-28-2025-00-00-00,2025-02-09T21:43:29.000Z,"[""rec9uLtd6Y00Zn1Yd""]"
recbM0jpqPGUyVxk3,2025-01-28T07:45:35.000Z,Infrastructure Digital Twin Platforms,2025-01-28,Active,"[""recW69WCUlbIveX6W""]",V_01-28-2025-00-00-00,2025-02-09T21:43:29.000Z,"[""recti0tW9XklJvoNp"",""rec9CDuIMTfggZ6uP"",""reclVAHl5o5uDEok0"",""recNTBmMZJTgp1iy4"",""recOerFRHRZuzZTUt"",""recDuv8MH6GVkSdA3"",""recpYRMGHO9dLzsuG"",""recRvRNoMtLnnsXMD"",""recF4edpqhyJ7Yf61"",""recBooPPVjYK0HeFi"",""recm6qRO7bBjJZkFa"",""rec1o4Y0H3AG8PfNR""]"
recbsaD38KFw9ZZFu,2025-01-28T07:45:59.000Z,Financial Risk Assessment,2025-01-28,Active,"[""recL0YYzJkzLRAX9A""]",V_01-28-2025-00-00-00,2025-01-28T07:45:59.000Z,
recbuTDYNyxqQx5We,2025-01-28T07:45:33.000Z,Backup Power Systems,2025-01-28,Active,"[""recW69WCUlbIveX6W""]",V_01-28-2025-00-00-00,2025-02-09T21:43:29.000Z,"[""rec4p8roFTjkUBh3z"",""recPsIXxWYOqAbS6b""]"
reccZWgnoBWObfFIy,2025-01-28T07:45:53.000Z,Small Business Continuity Tools,2025-01-28,Active,"[""recsKvsr32KNM9vvq""]",V_01-28-2025-00-00-00,2025-01-28T07:45:53.000Z,
reccklqCJDA3Z6k9Y,2025-01-28T07:45:34.000Z,Green Roof Technologies,2025-01-28,Active,"[""recW69WCUlbIveX6W""]",V_01-28-2025-00-00-00,2025-02-09T21:43:29.000Z,"[""recyx1Ex5WjV8t4iV"",""recDdGclLqqJO9kgS""]"
recctnPdoRh9eWIWn,2025-01-28T07:45:41.000Z,Soil Health Tracking Platforms,2025-01-28,Active,"[""reciGjhvWmulaMj4S""]",V_01-28-2025-00-00-00,2025-01-28T07:45:41.000Z,
recd3XqR3Yfejko9w,2025-01-28T07:46:00.000Z,Resilient Infrastructure Financing,2025-01-28,Active,"[""recL0YYzJkzLRAX9A""]",V_01-28-2025-00-00-00,2025-02-09T21:43:29.000Z,"[""recO9FqQTyTBdKD6O"",""recodqcxiqmdRpNAr"",""rec8ttDEixqtFAp8f""]"
recdf2oLf8kuRaBqq,2025-01-28T07:45:37.000Z,Damage Assessment Applications,2025-01-28,Active,"[""recz2FK1dAxPB2MvE""]",V_01-28-2025-00-00-00,2025-02-09T21:43:29.000Z,"[""rec3TeO6smsQtRyCn"",""rec5fFrSkEn6jF6v5""]"
recdhiob1FTiueKBg,2025-01-28T07:45:48.000Z,Pandemic Preparedness Systems,2025-01-28,Active,"[""rechqr3Zono6Xqmcq""]",V_01-28-2025-00-00-00,2025-01-28T07:45:48.000Z,
recdySzo0a7GjCRjr,2025-01-28T07:45:57.000Z,Learning Management Platforms,2025-01-28,Active,"[""reczirxn83VMd6Ynt""]",V_01-28-2025-00-00-00,2025-02-09T21:43:29.000Z,"[""recidGU78ASi0sHUK"",""recbPzXthLbzt4wC3""]"
rece2eEmmbRHT7TQC,2025-01-28T07:45:30.000Z,Drought Monitoring Platforms,2025-01-28,Active,"[""recZlMwcic72dQQ2g""]",V_01-28-2025-00-00-00,2025-01-28T07:45:30.000Z,
rece9lHpaPPOJKhsD,2025-01-28T07:45:57.000Z,Resilience Metrics Systems,2025-01-28,Active,"[""reczirxn83VMd6Ynt""]",V_01-28-2025-00-00-00,2025-02-09T21:43:29.000Z,"[""rec461JHC962RwHcg"",""recupAVBonm91qECN"",""recqGbxefTWyCGk2p"",""recmOBGGtl31evoDs"",""recbqc6nBhkcpWvxs"",""reccQOTWUNFFnFYeR""]"
recewHmXlXUiSJDXz,2025-01-28T07:45:46.000Z,Urban Cooling Networks,2025-01-28,Active,"[""rechqr3Zono6Xqmcq""]",V_01-28-2025-00-00-00,2025-01-28T07:45:46.000Z,
recgKw8lsQZssWapB,2025-01-28T07:45:51.000Z,Crop Disease Tracking,2025-01-28,Active,"[""reczWby8ynKcMq1CD""]",V_01-28-2025-00-00-00,2025-01-28T07:45:51.000Z,
recgdHgF4VvLUIivn,2025-01-28T07:45:47.000Z,Telehealth Infrastructure,2025-01-28,Active,"[""rechqr3Zono6Xqmcq""]",V_01-28-2025-00-00-00,2025-02-09T21:43:29.000Z,"[""recuXgBD3WvK8fp97"",""recSpc0UEPj9XY8e2"",""recnTh7tS3CHM6F9r""]"
recggq8gJe3HEisis,2025-01-28T07:45:36.000Z,Shelter Management Platforms,2025-01-28,Active,"[""recz2FK1dAxPB2MvE""]",V_01-28-2025-00-00-00,2025-01-28T07:45:36.000Z,
recgoWOsPlSRHtvnh,2025-01-28T07:45:33.000Z,Resilient Telecommunications,2025-01-28,Active,"[""recW69WCUlbIveX6W""]",V_01-28-2025-00-00-00,2025-02-09T21:43:29.000Z,"[""rec45miuyKi4Ya5Nk"",""recL0nhAM4vq9Md52"",""recLnrDd1ekKUta9y"",""recMR76ETKGH3fG3D"",""receh3uOYNxGZGetn"",""rechL6HbDsktyWUR9"",""rectoxmnC1dP11uTQ"",""recePfy1jwE5Yhpw4"",""recSI6tffRJHtBnIw"",""recaC85moQPfcwPMc"",""reczFkjarWpDWa969"",""recHmB3dCH0nX6Pzh"",""rec5wZDaJqDgch7IA"",""recPi5jZvS0bEGK9U"",""recvdWwYM7B0HLGnB"",""recrx2ecxOJCD68iX"",""recwwMST4Ayc0Rmyy"",""recBe8tMDnFsf6x0D"",""rec06fthCkIdUwgOY"",""recQPnG0pgeaKFPEB"",""recuaJ5YvWoD8VLdV"",""rec0hI1Ul2t66hO3p"",""rec04BHIRP3hOJWsO"",""recTAiTz3YyCk3cNS"",""recgVKPUEFEqwFy38"",""rec7YfRNhmfDaNfz5"",""recptRxjZb6m1wPsa"",""rect5BBBY8gsTDEyI"",""recMf5BBb6r8T07qd"",""rec2lCmjfL418bK1W"",""recFL3l8fcUJs46Ax"",""recagfH8It5rgNEGR"",""receHp839R6tXnssU"",""recPrCeiHRbKnuLb8"",""recRj96PWjH9JNkKy"",""rec2CN9KumWBzsEoH"",""rec8pANzSVMReaPij"",""recDCa9Y5M1vfwZjO"",""reckzV1KfzLNCt47E"",""reclDFyoyeqbtVHIH"",""recUtX7aSIXMxHG1G"",""recp08wyqekax1XDl"",""recAwfKkcpzTHvbxp"",""recERbpFeDSDqd4cG"",""recmJy6qoh6hkInxP""]"
rech1ekNYeTNTpPeF,2025-01-28T07:46:03.000Z,Open Data Sharing Platforms,2025-01-28,Active,"[""recbct4wUzEIwCsjH""]",V_01-28-2025-00-00-00,2025-02-09T21:43:29.000Z,"[""recTqLGHwSlej8aw6"",""recfMU4XvJTas51DW"",""recss1m1zYW74KC30"",""recVEJIQ9OmIscN2O"",""recbgyervCKuvJtC9"",""recQw8rmkNJhD0ZS6"",""recfdQnvVdfS1SAZv"",""rectnHe2KleeynOYD"",""recBd9uiRd7bMJOqf"",""recLxF9Wy3nuPOG1H"",""recVrTv0CxHYTOcTt"",""reclaKcMByRGl6NNk"",""recK8LU31PGqslyDp"",""recUKsfEaZ4IaF2sK"",""recFePn7AutA0Fgsg"",""recDS4d6l1asR2XfF"",""rec22AHc6U6XtRUru"",""recmDkp1qmfLu0gcf"",""rec5Yk6kjaGymdUCT"",""rec4TgAnYyPqMi1pB"",""recq8RmpLhZC9hS6t"",""recxPXhCEKJUzVkxQ"",""recYlHQFqjnAQYNmC"",""recedD1jL2XrGWifB"",""recMcw1lfCZ2Ny3Zi"",""recUh2MxGSforhoES"",""recmgJ8XmhEc0scBx"",""recdmd5dGPX4gm3cY"",""recXmxWMciKeQcHbg"",""recb1G9pisJEkT2Ez"",""reccGTt8Z3oVJ6Qts"",""recOuWMNsS4PLZB7R"",""recmuBrzgU58gGQmf"",""recugde2xQlMiMayN"",""recxFaJciELMi7GeH"",""recEIQnuRQOEOpbTs"",""recKA4CkuAds6ZxFi"",""recQLm2FoXgNbp1zZ"",""recuDFSYGFEivVwyn"",""recmO2ftQNz4fpnVo"",""recCjUnEGAJLIMahV"",""recQBbY0HIl4Y2473"",""rectftYR8zfSfRITJ"",""rec0atvo1K8SW92xO"",""rec1QDERyGV6blMBD"",""recCmg982ME7n8OvA"",""recR9R93tHnolYCDu"",""recmdieySfn10hHAx"",""recnMOfCCEwfnC0Yn"",""recswP0THBfbyDxlD"",""recttMs16COdduuOb"",""rectToWMW8QtjfkFM"",""recDPbQmZekZKZ4QM"",""reclRQ6HHXcZ7sUTj"",""recpENGrI5H0fkWk4"",""recf50zA0U8TxOD6r"",""recw2LzHz4JlNnB0x"",""recWcDcbulDDoDv5z"",""recftnLdg4gBFdSED"",""recImFkubkoYZWiKg"",""recdKSqKlKQy0FDRf"",""recr2Odlfu3o40jTX"",""rec3nKbedaAotj0qJ"",""recD3zOrJocmm8RSm"",""recTBCtQBPZ99lvp5"",""recjtBhxHwIDJxD7W"",""recQ2MR26r3SsGw7g"",""recfFByhjMgxt7lCu"",""recg4yU8EdqeWdN6G"",""rec5cWgbwOGdymqBT"",""rec1JJu86IufvpA5M"",""rec1jYPfmMEpMxuqi"",""recG81Jo8jIlVsnRy"",""recG9i6oR2QMtC6zk"",""recITZM98NBQ55Xg9"",""rec2yrqZWwvwVrMuc"",""recnKPoOy8RyvgVEG"",""recdXC8vz1mRBNe3k"",""receeJFpRux1dnQEe"",""recHwI0SKJuzCTjUR"",""recN22b40iy9Zy1dj"",""recSrU4mLAKzaQN9y"",""recmD6fSDPWPwf2Mo"",""rec3rMj8sasGqlL08"",""rec45w96DtlAk3X5R"",""recI52gk6mXiQ53Ry"",""recr3JQJeVtEDxTFR"",""recECBOOe6MbM3Pa0"",""recKPsOsfHRbQB3LN"",""recMwWrMjCn6Ca6Bp"",""recVG0l88ECO6sixi"",""recG2RwPwJdvurwWA"",""recZg3Q8KmHkSqi4I"",""recYq0351ry5RM3NF"",""rece01jXvzpkdWxwE"",""recivkP6qLWgunysg"",""recAM3SLbIrXwBMMO""]"
rech98gMOvxIwNSNh,2025-01-28T07:45:55.000Z,Social Vulnerability Tracking,2025-01-28,Active,"[""recsKvsr32KNM9vvq""]",V_01-28-2025-00-00-00,2025-02-09T21:43:29.000Z,"[""recLoHK6f6986y7e8""]"
rechEPA39CuAzi5Ja,2025-01-28T07:45:53.000Z,Community Aid Coordination,2025-01-28,Active,"[""recsKvsr32KNM9vvq""]",V_01-28-2025-00-00-00,2025-01-28T07:45:53.000Z,
rechJA9Dut1fHNLHS,2025-01-28T07:45:28.000Z,Air Quality Alert Systems,2025-01-28,Active,"[""recZlMwcic72dQQ2g""]",V_01-28-2025-00-00-00,2025-02-09T21:43:29.000Z,"[""recWzrjdObrJHVtLq"",""rec00h3V34O4xzf8v"",""recj792rB4MVFiuys"",""recoOqsFFz2POcWwg"",""recRhulna06druxMO"",""recHzhTlowOwGVTWr"",""recRo0ikGLlMuiUQE"",""recAbOgdt3hCcbqMW"",""recOfGAuX7DeA6Q2Y"",""recvl1Lwtl9Q0nUdr"",""recdvxmBk8i4wmTDZ"",""recrr0KcslQbSrK1h"",""recxBNuAjYTZ4JNZC"",""recLMdwjhzmRNDBeQ"",""recxPYs1LnR3iVWVQ"",""recEtJ32SQOYbNfhx"",""recm6JzOhGGvdwXaO"",""recgVQAwaYjVss3oV"",""reczxXeuD0BIT6fWc"",""recIAyzmEOhZHef6Y"",""recYXWLnjOZZVvZMy"",""reckOBYASHislO1kA"",""rec5yxsOgVR84JXRF"",""recmqsT4DbhBKobFw"",""recnqXnDac5O7TWqQ"",""recfrEEpYlQMbsSqX"",""recAkN0Wgc5bcExG0"",""recF0yOQix89X9ZAr"",""rec7uNY01T9c6etAJ"",""reckfV6BKfYAhKA9k"",""recnlFqkITIQrY65l"",""recoUECVXTsQ1sFDP"",""rec9hsRTWGubebl8w"",""recrkupzz8sJ3Z6X0"",""recdn3eTpWwfqqFdT"",""recEAfyhXPUjB81gj"",""reco76KYKcmsCR86X"",""recpUA4fSYavomikl"",""recXEYf1ja2CFRA8X"",""rec05w104r368X6Eh"",""recbJI1vuYgYjoZV8"",""reca5DXoDpGsraGoq"",""rec4hgdi1veaZRAER"",""recgZEMnvL2dEbWGx"",""rechRhCogWUwRaFZe"",""recEamiVC5J9XO0ji"",""recx2ivQOTrSlD3oo""]"
rechWJSouhxyCyu2I,2025-01-28T07:45:50.000Z,Food Supply Monitoring,2025-01-28,Active,"[""reczWby8ynKcMq1CD""]",V_01-28-2025-00-00-00,2025-02-09T21:43:29.000Z,"[""reco0f5jjNHbVqBhi"",""rec29rDJeCcdL7nOI"",""rec24Kx5aeFGTwuBl"",""recmKai76GtFhXF2Y""]"
rechapLWZkjudJiXf,2025-01-28T07:45:51.000Z,Cold Chain Resilience,2025-01-28,Active,"[""reczWby8ynKcMq1CD""]",V_01-28-2025-00-00-00,2025-01-28T07:45:51.000Z,
reci5KQXDB9XZZCSw,2025-01-28T07:45:32.000Z,Smart Water Distribution Networks,2025-01-28,Active,"[""recW69WCUlbIveX6W""]",V_01-28-2025-00-00-00,2025-02-09T21:43:29.000Z,"[""recBJtIgyNrkirw26"",""reclMyg0Xyex7PxnN"",""recSgc0CEvO7sNLru"",""recOBhb0pGlRSHdEQ"",""recUtF6MWoFgPqALK"",""recjzIHCzQ9iffBfS"",""recu0U8JQqiFIQ2Ht"",""recna9tFjRxVulqNh"",""recrbNOD5n54AxjjS"",""recUAydtA1nWhWp7N"",""reczcohxDEwr3ZIfG"",""recb2lGC9c7vg1AnO"",""recTg5nxae6EbHrMD"",""recPgD9gjmDLLpxtX"",""recc73M5MStLJ8hwc"",""recF9bDMIesr0sJ8D"",""recOneZuPvpIWmkvx"",""reccuXanSp7X0OL2b"",""recXVK2uSOIcTwWfG""]"
reciWft3LftQYhUKJ,2025-01-28T07:45:51.000Z,Emergency Supply Routing,2025-01-28,Active,"[""reczWby8ynKcMq1CD""]",V_01-28-2025-00-00-00,2025-01-28T07:45:51.000Z,
reciZiI2FAU9C4Qal,2025-01-28T07:45:37.000Z,Recovery Planning Software,2025-01-28,Active,"[""recz2FK1dAxPB2MvE""]",V_01-28-2025-00-00-00,2025-01-28T07:45:37.000Z,
recicgB12oVLhp6hy,2025-01-28T07:45:36.000Z,Response Coordination Software,2025-01-28,Active,"[""recz2FK1dAxPB2MvE""]",V_01-28-2025-00-00-00,2025-02-09T21:43:29.000Z,"[""rechBMkK5JrPFRFoD"",""recvaEKFzHlTXhAml"",""rec7azoE3UCYO605q"",""recaoKJ2i6gWUzuk1"",""rec1TQsc8otosNMvW"",""recJvfMO2o9MCG0cP"",""rec8vDohbQo58nUl8"",""recd4fO1aDuFXTcd8"",""reczg0KfEoUf55iHC"",""rectshQOOdpffojme"",""recOqu2jq11vIe5Ja"",""rec43oQe9W1xL0wIL"",""recCdenM57Y2kPQdb"",""recED8tMPXfChm23m"",""recG8Al7NOMXkhVmd"",""recI9G8TZmDlqbxw8"",""recIOQiOkOk3EPsZ8"",""recxdwshOY6SzB3cK"",""recMoQ5qtzK3pTTGH"",""recg49CHwzKLuRtAg"",""recrKZkbhw0U9TOMz"",""recwoKN4ImnTIlNAK"",""recnWLuQsva2JGKbB"",""reclHMiFN2Defppe9"",""recx797ncPZUvB7Vx"",""recT4KV7FjuegW0SZ"",""reczZW6wiH5KZZyWF""]"
reciwQaSajnB3NEjq,2025-01-28T07:45:40.000Z,Bioswale Monitoring,2025-01-28,Active,"[""reciGjhvWmulaMj4S""]",V_01-28-2025-00-00-00,2025-01-28T07:45:40.000Z,
recjAqq1Xfbjwo7kX,2025-01-28T07:45:33.000Z,Hardened Transportation Networks,2025-01-28,Active,"[""recW69WCUlbIveX6W""]",V_01-28-2025-00-00-00,2025-01-28T07:45:33.000Z,
reck5Q3ExLEzhDCpR,2025-01-28T07:45:42.000Z,Retention Basin Monitoring,2025-01-28,Active,"[""recxG8gMU2ifwGwIX""]",V_01-28-2025-00-00-00,2025-01-28T07:45:42.000Z,
reclRebuZYLW4exua,2025-01-28T07:45:33.000Z,Resilient Power Networks,2025-01-28,Active,"[""recW69WCUlbIveX6W""]",V_01-28-2025-00-00-00,2025-02-09T21:43:29.000Z,"[""recg8Np9SS7vJRPwe"",""recLQZlngL5Cmv84c"",""recSTQhqjrIvI0sek"",""recF1WFgiUhiE7BFI"",""recF6ilOffA6IkzyX"",""receyyqhUzmTNfpuF"",""recdhuFBzrUY7ZNXD"",""recVLW9rNOgxgHAtL"",""reccP75UGyOgOXihP"",""recaAv0AM2yVvd13L"",""recdcc0uCppnyyIVK"",""recFHg6mb05TcUTjc"",""recvyQWmbzQhwfrny"",""reczLTzD2zq8AA4Zq"",""rec9KGlVV9AeygsJx"",""recO3p2Wk6lLtRZkN"",""recUBVnYHxCuYwwLk"",""recmyA0B02W3ShjFW"",""recjj1TIbWVlUBVOy"",""recaKsFq6fxpQUXRp"",""recwkBz2cluG0naFU"",""recNeCpC6MKeC4N1o"",""recZiFyqoDAFhSCUe"",""rec6clLcg516wao3p"",""recAJqVNaw1mQ2iuR"",""recKzm9GkNlNY1UX5"",""recnbHmzSd6OcU1Em"",""recJRneRGF3Zia3hz"",""recy0NwEOFRRMXCSK""]"
reclnlhgqeqczyKmO,2025-01-28T07:46:02.000Z,Sector Vulnerability Assessment,2025-01-28,Active,"[""recL0YYzJkzLRAX9A""]",V_01-28-2025-00-00-00,2025-01-28T07:46:02.000Z,
recmVSeDQO8daIeCV,2025-01-28T07:45:33.000Z,Critical Facility Protection,2025-01-28,Active,"[""recW69WCUlbIveX6W""]",V_01-28-2025-00-00-00,2025-01-28T07:45:33.000Z,
recnemthbF0GrAz9r,2025-01-28T07:45:43.000Z,Contamination Monitoring,2025-01-28,Active,"[""recxG8gMU2ifwGwIX""]",V_01-28-2025-00-00-00,2025-02-09T21:43:29.000Z,"[""rectQIBCJ6B6XGw8r"",""recWMFZtWrE2P4944""]"
reco0poD4GZ2JJGcz,2025-01-28T07:45:37.000Z,Emergency Resource Logistics,2025-01-28,Active,"[""recz2FK1dAxPB2MvE""]",V_01-28-2025-00-00-00,2025-02-09T21:43:29.000Z,"[""recHdivFEgeLTziIO"",""recGdvi7HRpuFf6Ic""]"
recobtoHFczqG64lu,2025-01-28T07:46:03.000Z,Climate Data Standardization Tools,2025-01-28,Active,"[""recbct4wUzEIwCsjH""]",V_01-28-2025-00-00-00,2025-02-09T21:43:29.000Z,"[""recoYBDslJrliczKg"",""recRZ5NenO9B4I00s"",""recadxbuxhIzEtFut"",""recfcyg67vHnhWXqf""]"
recooAYBKHZwGfVWk,2025-01-28T07:45:45.000Z,Water Storage Optimization,2025-01-28,Active,"[""recxG8gMU2ifwGwIX""]",V_01-28-2025-00-00-00,2025-01-28T07:45:45.000Z,
recq0DlEBQzAyOz2j,2025-01-28T07:45:58.000Z,Climate Finance Tracking,2025-01-28,Active,"[""reczirxn83VMd6Ynt""]",V_01-28-2025-00-00-00,2025-01-28T07:45:58.000Z,
recqFLsJRhgvfAVe9,2025-01-28T07:45:28.000Z,Environmental Sensor Networks,2025-01-28,Active,"[""recZlMwcic72dQQ2g""]",V_01-28-2025-00-00-00,2025-02-09T21:43:29.000Z,"[""recerskgcLKlXZjLq"",""recbzwtcu9yzNxCr9"",""rech0NFWxu65j47BU"",""recLUPFptTm8taiR9"",""recpZJ4Aogyg6iA0n"",""reci3x99XnyBh0MMR"",""recDZ7Nxbpu0vOzFs"",""recKgTRcuu2In5HCY"",""recraVi4c9BKQwkYZ"",""reczQXtXsD7ZMW06J"",""recNKyTs6PzyAuDOV"",""reciL6FPraeSR9OZC"",""recMH5jhxZOTz4jo4"",""rec5M4D0bn2VmCs59"",""recHIKjKmXzzAKmJP"",""recwQEWQ5ztDrWmLV"",""recWDTjauUuKWzVPy"",""recpSWgkC8g63x9LE"",""rec0CRkfVCMtoSkg8"",""rec6QxUN4lJwXrcS5"",""recmYVpmxmtatCGPG"",""recq6NFmYHCxNSLAC"",""recxTvlYmXWnhwxjh"",""recQV1wiEk5oILqoB"",""recMcMvYrj3b2t2vi"",""recPEIZfbDsaXrXrr"",""recRWZRDVEca5jnpD""]"
recqOUgf1kanNywCd,2025-01-28T07:45:49.000Z,Weather-Smart Agriculture Systems,2025-01-28,Active,"[""reczWby8ynKcMq1CD""]",V_01-28-2025-00-00-00,2025-02-09T21:43:29.000Z,"[""recd83U76EB0s3otZ""]"
recqRIcbHrCSR3MO4,2025-01-28T07:45:49.000Z,Adaptive Farming Platforms,2025-01-28,Active,"[""reczWby8ynKcMq1CD""]",V_01-28-2025-00-00-00,2025-02-09T21:43:29.000Z,"[""rec2TcM0AmqEZqSw5"",""recGsqPVE4XVYnckd"",""recroar0PCjB4ZgKu"",""rec6LQ35VISoZtBRS"",""recNbYeF1LULvT70g"",""recUJLsloyuKkKlQZ"",""recU9zDyiFX9Iqxb9""]"
recrF5HwrOgeO35v4,2025-01-28T07:45:54.000Z,Public Feedback Systems,2025-01-28,Active,"[""recsKvsr32KNM9vvq""]",V_01-28-2025-00-00-00,2025-01-28T07:45:54.000Z,
recrKnl1Sx565HRKg,2025-01-28T07:45:56.000Z,Scenario Planning Systems,2025-01-28,Active,"[""reczirxn83VMd6Ynt""]",V_01-28-2025-00-00-00,2025-02-09T21:43:29.000Z,"[""receGcwrSBsKn2Bhe"",""recshdwYHojSHqGq5"",""recsHhjvS6TAvKehv"",""rec7Mz24BOMn0zx6B"",""recIun7s02aitftM5"",""recU5yImVVw7TTGc1"",""rec3hhP2uWptZGt0q"",""recQLa6m6bionf0pE"",""recZ1jBVt9Cwg8I4q"",""rec2Vx0fxsMuPQLCw"",""rec6r9esC9wJABJSp"",""rec7O27BFjLHhz7Dv"",""recpI62RXleWWSGfA"",""recSugtX0omkrARu8""]"
recrRwmjZcVuNxW3y,2025-01-28T07:45:39.000Z,Natural Buffer Maintenance,2025-01-28,Active,"[""reciGjhvWmulaMj4S""]",V_01-28-2025-00-00-00,2025-01-28T07:45:39.000Z,
recrUQtCy8BNxLSQh,2025-01-28T07:45:59.000Z,Climate Model Downscaling Tools,2025-01-28,Active,"[""reczirxn83VMd6Ynt""]",V_01-28-2025-00-00-00,2025-02-09T21:43:29.000Z,"[""recLiKiiLPQL6QuA5"",""rec9977oypKQyvha0""]"
recsOD2DwaZXGBKbd,2025-01-28T07:45:54.000Z,Participatory Planning Platforms,2025-01-28,Active,"[""recsKvsr32KNM9vvq""]",V_01-28-2025-00-00-00,2025-02-09T21:43:29.000Z,"[""recpnuupfuYgAD6GH"",""rectwxggc56nauw8j"",""rech7k8pOsZpaQDkV"",""recPJNN9GuGFS5hDy"",""reci1WX8JFCW4IpK1"",""recS0E8Jubp55pyyk"",""reczab9aPHgqI0RT3"",""recALpUd4A4gWzOCc"",""recwFBiw65KgJv5Sl"",""recOWVXzKP0LtAZSQ"",""recGNCDZ5Qgzu54vZ"",""rec3DN9ReBvRdCtKb"",""rec5ss6cwWvew8OxB"",""recEeVMmy2VAIXQmz"",""rec6lxPukwenSnwh2"",""reckb08rfHnIXjSA9"",""recz2TOi1Ly5sP14P"",""recTzspetsecpHUz7"",""reclS5N72siqXuK5H"",""recEshXipYQLKBE3P"",""recAdhOmPZssuags7"",""rec7hT5opGi69oDP7"",""rec7m3YpV5K1e33LO"",""rec2Xj6JTDytKs7nB"",""recKCtkWqYb70IsTO""]"
rectWtzRiykSkdUGc,2025-01-28T07:45:43.000Z,Water Efficiency Tracking,2025-01-28,Active,"[""recxG8gMU2ifwGwIX""]",V_01-28-2025-00-00-00,2025-02-09T21:43:29.000Z,"[""recP1q8stoTiunHSg"",""recdnEbflOG7KEicA"",""recBhHOYTIPIwUz2A""]"
recu78jPFNzCyG3ZR,2025-01-28T07:45:53.000Z,Financial Protection Platforms,2025-01-28,Active,"[""recsKvsr32KNM9vvq""]",V_01-28-2025-00-00-00,2025-01-29T15:29:00.000Z,
recuIENNK04W2UfHv,2025-01-28T07:45:35.000Z,Emergency Alert Systems,2025-01-28,Active,"[""recz2FK1dAxPB2MvE""]",V_01-28-2025-00-00-00,2025-02-09T21:43:29.000Z,"[""recCkilT3ocwDTmRN"",""reccw0u55e5pMVVHJ"",""recGK1ZvfY4mA4UPQ"",""recomnFfi8ngHNi1Y"",""recdLLqOjE6rR3VVV"",""recVesEOuoR7Bu3Mp"",""recvhhqyVejfAKYTg"",""recMcoN0JDgiCLRwi"",""recxgEC2Q3DJfsW0Y"",""reczrGzlyRvMs1f0A"",""recYrqvLOBajWceML"",""rec84NYbYc0PTSskB"",""reckLgvGJqKgj3BHn"",""recxFx1BaAGx3hWq4"",""recSIkV27hXmY1LR0"",""recPwJ7F3LvMTDzLr"",""recvXN6SJdYq1H7vc"",""recWRNQcQDLSw1p43"",""recbXJw7V5dP0NgBM"",""recgvGJdX0mehdjtn"",""recwCxFIGURXZTjIf"",""recBiQ3LuYKExLwCO"",""recOqSiCMfNGDFQhD"",""recPRJNEVBhff4Hzc"",""recF77BRSCzXu5AI1"",""recUV8NT18YuDzrwF"",""rec7QYLgg9ibaC0kR"",""recgIgDM3mhqA9DdF"",""reckWaEXHYFusGsqL"",""rec3C3RGkeHZrseKJ"",""recUMfWijj31rp6EY"",""recxMR3h15G02Vj4v"",""recRpFOGjxM0d3ETW"",""recVFXnwzeqwNquIJ"",""rectWhxOwOq6FjmwP"",""recPcTCyXpy23De6i"",""recnlXRPforKj8ELv"",""rec6SRibCakSGHGAR"",""rec8vgutNDMhBcSdy"",""reccvNLUM7J8aE7nU"",""recx4KK0PI5W0NIO3"",""recFRw4LPOGahLsMg"",""recHoLHtukOZHHAuZ"",""recM5dpRvqB7J3IvB"",""recuBJMDzDLCUP3KZ"",""recWwItY0NJ2rG3lQ"",""rec0ovmvdoSO5SXAg"",""reckz8gTcst6uDf79"",""recypH5KU1g2YN5FU"",""recXCJGvzXXCBiVt8"",""recxyjq4cd5HyifpW"",""recipMFy5RSCn6Owo"",""recvxLm7P4QPArRsU"",""recPTGqrtodIk5LAR"",""rec51cd6NXtMvjJpY"",""recoHsNllauCsFvRa"",""recZxjh3GKMDGuzQf""]"
recuVN8L0k3ds3SNk,2025-01-28T07:45:36.000Z,Emergency Supply Tracking,2025-01-28,Active,"[""recz2FK1dAxPB2MvE""]",V_01-28-2025-00-00-00,2025-02-09T21:43:29.000Z,"[""recqYQNs5W7ewaWn1"",""recFWkWlThPxB5OSF""]"
recugiCCFO5VkhlqQ,2025-01-28T07:45:50.000Z,Agricultural Risk Assessment,2025-01-28,Active,"[""reczWby8ynKcMq1CD""]",V_01-28-2025-00-00-00,2025-01-28T07:45:50.000Z,
recujyzKt6btCzx22,2025-01-28T07:45:30.000Z,Impact Forecasting Applications,2025-01-28,Active,"[""recZlMwcic72dQQ2g""]",V_01-28-2025-00-00-00,2025-02-09T21:43:29.000Z,"[""recZlblMpARmFKXhu"",""recSssgoW9ao4mpbu"",""recq2Km2ME1PtO3xn"",""rec7QrXcU2jNyjmuU"",""recvfnbdAyUNk2FLZ""]"
recuno5U8pDfeYHFa,2025-01-28T07:45:41.000Z,Watershed Protection Tools,2025-01-28,Active,"[""reciGjhvWmulaMj4S""]",V_01-28-2025-00-00-00,2025-02-09T21:43:29.000Z,"[""recCbAd7Z4lM0Xprq"",""rec1lHEvec212NdDY""]"
recv1aklvJLGJkjvA,2025-01-28T07:45:31.000Z,Flood Protection Systems,2025-01-28,Active,"[""recW69WCUlbIveX6W""]",V_01-28-2025-00-00-00,2025-01-28T07:45:31.000Z,
recvNGyReZHDm22Fl,2025-01-28T07:45:54.000Z,Emergency Information Sharing,2025-01-28,Active,"[""recsKvsr32KNM9vvq""]",V_01-28-2025-00-00-00,2025-02-09T21:43:29.000Z,"[""recZlUuUh9F72daAD"",""recY2e553DdVV1TRh"",""recsEneCNrzBYSKFq"",""recxrsuhJlgcrYGWR""]"
recvfb6fClTPYs871,2025-01-28T07:46:01.000Z,Climate-Resilient Investing,2025-01-28,Active,"[""recL0YYzJkzLRAX9A""]",V_01-28-2025-00-00-00,2025-02-09T21:43:29.000Z,"[""recbOWTysGPkgk9rY""]"
recvp5HXyuJbkelvg,2025-01-28T07:46:03.000Z,Interoperability Frameworks,2025-01-28,Active,"[""recbct4wUzEIwCsjH""]",V_01-28-2025-00-00-00,2025-02-09T21:43:29.000Z,"[""recR2B5t8ras0OsFo"",""recCYYd56w5ovmlHK"",""recVmowPI99hpGeP7"",""recuYDC4tcrSyE3BW"",""recUWgz9Qy25y2q7r"",""recp1xz6ogvtFMmNQ"",""recO4HGdwhn1ZFS1D"",""recZ9xCOgAi0xHYLh"",""rec34YB4CE1Yb5A5S""]"
recwOPcLrYgClUxKi,2025-01-28T07:45:33.000Z,Emergency Communications Infrastructure,2025-01-28,Active,"[""recW69WCUlbIveX6W""]",V_01-28-2025-00-00-00,2025-02-09T21:43:29.000Z,"[""recPeOKnmO3q7g1yP"",""recTMCmvyWVJd6hJq"",""recyCl4yqOY5znedm"",""recpkhaQX9UOBPkVM"",""recvRP3wDcoN7HiL5"",""recCfelt2TJLCRyJw""]"
recwWUuo92yUYeBwS,2025-01-28T07:45:44.000Z,Smart Water Metering,2025-01-28,Active,"[""recxG8gMU2ifwGwIX""]",V_01-28-2025-00-00-00,2025-02-09T21:43:29.000Z,"[""recoMZ288tSuStZfy"",""recCbWtdXnS9fNNVv"",""recinxoUxAAEFFmRw"",""recDSB6kBAlQsktNr"",""recnG5To35qmVaKXL"",""recmOesTQbb2zf9mI"",""recrjBdo3sxYvWjCV"",""recjdc6jexQlJW7Ou"",""recphRqP5kKqq9ccc"",""rec40UinVOMQZlQsx"",""recLIw1gLDUV8jDM1"",""recrbL83P64V6o4EA"",""recTxT4g5DRMAvFO4"",""recX9UtSmaPe1NfG7"",""recSivpSE0V4kOJpH"",""recMDGwF9RITgaOPs"",""recI65ZxjGzcRfQpI""]"
recwWw58VRFlgZXN3,2025-01-28T07:45:34.000Z,Smart Grid Management Systems,2025-01-28,Active,"[""recW69WCUlbIveX6W""]",V_01-28-2025-00-00-00,2025-02-09T21:43:29.000Z,"[""reci4mA04zov12xja"",""rec1ORO1hY6FJIuua"",""recb59KzwcD0p8L3J"",""recqvktjFvkuLn4qK"",""rec0Vt4MxNUvB4IPb"",""rec5wyOz9mUq90yoC"",""recdea0I6BxAK1tjV"",""recTVC7EcSqStXHCD"",""recZrxldcoQWS8bQH"",""recbz72FDZZjphGFi"",""recfLnHqNhz3UOu7M"",""recCoXQRV6kQnFhIX"",""recCTigEBfQca7sEC"",""rec4IMIvy27vNr70D"",""recx4g1gFo6wMpkPZ"",""recHzLBekxVnRqSnG"",""recOizwRw3BmeeOuc"",""recRZHloev3lq3zLN"",""recUf5hthvrSkmkE8"",""recVruu1lFKYGKUdn"",""rec1Ry6tDg3DTU1bk"",""recwO2CTaukXCCkI0"",""recG3apoMmBchEJ0j"",""recmKu9JiuXtwkoqE"",""reczv8aL8Y5cckP0Y"",""recttbtCSyAiwp6Pk"",""recaspgkxS2fVMFPI"",""recBDmJ2tSxKADN4y"",""recop9aR6py5SxtyO"",""recsyQdjhMoRfeP6Q"",""rec7tj44wUVpVdyPr"",""recsnyQZKhQsup0ay"",""recvKqPvdfeRKDLJx"",""recXd0Tfk6fE6I6uG"",""recZyF1kLtDfLVPIt"",""rec0YuCswe5yVZN5U"",""recfoMv2jTjaF7pnS"",""recGNoZ3lDSLxRktF"",""recMNojl3F3yVShK1"",""recO7IYjzw4jtI0RH"",""recs0IhHCtdQupPua"",""recs3fOeUfc9J7jK8"",""recCq0E1fPJvkGmBJ"",""recIdvdTUm0Vnn9FO"",""recM3bcRIIsnG2yr3"",""reci1M7iNJifDmNpJ"",""reclW5OHnpe0taE3R"",""recHw14BfIxzfsTm6"",""recY4KjdiXKG5hkgx"",""rec6fRoKlhbF9V3zY"",""recmbJVudLwb4v1A6"",""recomH998XF6IbcbJ"",""recq9ofXw6jklCt7C"",""recudieIbVFz8GnIq"",""recac4q7mANFnFu56"",""recKwyscXNGRNSelP"",""recK0XLwxffBiIeih"",""recVqktRLsrAjyhMJ"",""recYaaTZFEMmHeo6I"",""recFnMwtG6jB8fqur"",""recoYs0ZiUhwfQ09y"",""recpn3qQwooCkiJVR"",""recqOTWyooKWj8Lln"",""recq3MgLBXa4Zp7Sd"",""reccZ5RX2B8cDXoey"",""rec7dYQGQtaMhlkw4"",""recMtySuo1HVJnZrX"",""recMtYuAeZykNrQPi"",""rec13iXPgfAVPJB0i"",""rec4KjBFr0rqJYY2X"",""recjc3Rzd5UIGuAft"",""recyIWYtQ2qBiz51k"",""recHpRA42W8qWwqK5"",""recKyjlorfdkhcIx9"",""rec0lcwfwmr20pq3p"",""recPvuacyDKL76CcG"",""recpZbpx9Djjj8HtV"",""rec4NnVt1K9VjhB7j"",""recPjrQGDSCiMmcYZ"",""rec2r6GDr25z3MTxw"",""reckhXBlN1xvlR6FJ"",""reccs7lSmTqMrFHfW"",""reclGcg4NlNisAUoz"",""reczbAJDfZ3FM71TG"",""recuMgXKGOOVq02VQ"",""rec3wEQtbdkKK1pfz"",""reca9Q8MdUzKtTCTE"",""rece0Gp0SMglBpPVI"",""reckYpICUi9tdWYQ1"",""recAMhbotRTBYBWtd"",""recP1honWH9YIMe0n"",""recP82F4W4U65yFzr"",""recbESWvuYjNLjKdb"",""recJyos4FosIQObKy"",""recSPVeg17Iu0RK8y"",""recS1S2Ity5AdEYCI"",""recC3InAD3CdJO0KH"",""recDzhx5DL1zYcBuf"",""recuTRFWjP0BEv4Kv"",""recdORXa1CQlU1iJE"",""recZZg3mNZuACnVAH"",""recU2NOnGjXKtBiw2"",""recWmq2ShNsiUAOGp"",""rec5c5q6qVCfOztls"",""rec8QmOlNy5uRnk6W"",""recjScz1HA3fISnXt"",""recxXuUdMXXqrX25H"",""recFsnBW3N8urWGij"",""recUAsl7oI9aVBVJp"",""recU7iF7BiFEz7kXp"",""recVau6XaebYRx5yj"",""recbkYQYKdwiZNoya"",""recmoFBmo5Pl3EAEj"",""rec8PACAm4MzGgO2y"",""recH7aDumlWrZ0C2K"",""recIbDrLsVbnKcSs6"",""rec9wSatQEd21CIFh"",""recum6S8TZNErGZ1c"",""recg0vGMEh0kNpJMf"",""rech38Guv8yHvblYF"",""recGbGcaZWYoJ1tYL"",""rec4AJbr0k5yubtlv"",""recNbE44Fd9AcAvJH"",""recNDGZRIUvv3I9n0"",""recRSDT2OJH2kTX0d"",""recUQqkrx0EOa8l0i"",""rect6QJc1e7eFICPz"",""recbgIgjCz2kgExHQ"",""recy9HucbFMNAEY0L"",""recEmCZzYefsEVeZk"",""recHJaydbE33ogwit"",""recJfYokX6V1SrVUu"",""recLobxXVo7G8FfvQ"",""recLOusHrn22swPcy"",""recTcvN3IC31JUntD"",""recnQxtMTj6HdbzoB"",""recuOYJzjakuz8UxL"",""reciTqsRxTH8XB9U7"",""recxeGIWiZ1q8ZQLv"",""recJYXffxiBlitEW4"",""recNQxVhWGnXNExsS"",""recT1QKN7hmWKaWql"",""recmbYvYtZ7ZZTw4i"",""recYA0muLu1RYrHO8"",""rec7wS4wx1UUDtDaF"",""recFd7dQGLVyBBfYJ"",""recLMysOHUgrFjETV"",""recR0cJSRNPkDB77U"",""recSVekNjXTnFAnu0"",""recTX2knFEetpQMXq"",""recUo9JAzFLa9VogL"",""recMvZCkoweRmbFdE"",""rec7Fg7VqAldV3sA6"",""reclfPmRVrZFkEZaz"",""recBDxzpAuBgVcDg4"",""reclraMk2UmL9ykmH"",""recXNyn53tPv7Sa4w"",""recA1qRrw20DdTUlm"",""recB9QDLecYBgWgz5"",""recCvrJkTcqhvJ9YC"",""recnZLyDAC9N10F7P"",""recYUTGhMMzISrno2"",""rec1D8BLF2GUs6gyx"",""rec285cOmXyLs4ndc"",""reccFIbzY6fnjAEjC"",""recxvike40fDkpSfv"",""recDx66OuFsvg5K6C"",""recLrD3csnSBIWuTg"",""recLPbx8t1UlAAW5s"",""recmK5qZYGsr7QUxV"",""rectUgJO4jVpHzY6n"",""recdAE7PxVKro9jxC"",""receyQJdDaJ8roYHY"",""recfHKkmDAyiKnhUC"",""recS79D9zCTfhMZCt"",""rec5iPZFJ16s1HGoj"",""rec8KG6UPEfh8dqM0"",""recEqKNXyzuKVf2Py"",""recQ5nO2000UfgWEv"",""recU1HcB9m7GOl68o"",""recqmpofkQfgevKcr"",""recWxxL3FAAACHW1e"",""rec1RVRIpFlbqs31s"",""reciQjf6zpx0yEMUa"",""recwRBJypNfwkT8ue"",""recCfKbwamctaP3ga"",""recLsNbnT39ebMgYQ"",""recQdNp7ucDYtCMIX"",""rec9PYDb3NbOxj8Lp"",""recp9b2pSnFXLVe0A"",""rec4Mo9bLtzYAnzEw"",""rec5ElEqKv6yQ9lxI"",""rec5lsUl77ay1JBNm"",""rec6T8S2ZzOM15kJF"",""recb5JDkQVBzkrwOb"",""recyr583PGCK1Nqyu"",""recElHo3OvXKqP53P"",""recLf9VbTACnYjgEs"",""recMJn93I4zKc6g9H"",""recN4C74k81c9YJIz"",""rectKtVwG247UU6o2"",""rec30aAtZXt0srOfQ"",""receAxL52xqmJSvNS"",""recT9n3voTenzpeAA"",""recjbMgNXZMK9Sq9J"",""reczWqh58CRtiolTC"",""recsuKdgJY0uPNXwO"",""rec6WI9cDKOXdv3uP"",""recHYSOc3I3YsTYKy"",""recdQYboaBA8TOXJp"",""recvyZtedxJzt1Upx"",""recIHBBGDFL6uhIfa"",""recnsDQvwpJKvALmA"",""rec1RqHfcOvAuyMxn"",""recayqId4OHtYmdLw"",""recdVb4QIA6ELC2Kd"",""recDGEGl0Cur7yZ0T"",""recQODO5knTwTAuk3"",""rec0ymfY87iUzyRad"",""recgMvuqhhbeHJzDr"",""receNxMg9iWchxt6p"",""recskDG4onnSoglW7"",""rechwYjYyi497k3eX"",""recE1ttGbKcoj9qmb"",""recFwFesP8vokrZvb"",""recLwS6OO6f4BoiAu"",""recPSYvjZP7QmlOsq"",""rechVh8M3oxdLX62x"",""recCNapLxj66XENiX"",""reclb9o4LRHA5F3hj"",""recCeWI0e0XVd2Zvd"",""recPpDm4PITHPxAbO"",""recSLQEGZpmSF5yvV"",""rec0Z8ULBfBMb4k1J"",""reclJeUr4TEBwvo3e"",""reczPSrHLUEHAGpoI"",""recOKtJGptnWEnIkD"",""recswxsWiKGLO3OZf"",""recszppJfLIK8x6Op"",""rec09pRxaC08aXn1j"",""reccvhFNrP7WhXuOf"",""recesL3wEI2Pv5vSP"",""recEH50GYOSRSw3qq"",""recFss3VWz6y2lrAj"",""recMFXhZ7ChsNBooo"",""recvAgIe2qzBanJwP"",""recXtieRIkG7d5H6j"",""rec751ao4jnWtvkSH"",""reczxBo0WpckpMwLt"",""recGGi6GgKLUIeRzZ"",""recIrRifK8twk4AKz"",""recLmANB6DLWfHZuF"",""recLmavkfl1qu2KiZ"",""reco8V84F2smdU4BG"",""rectpdavpapxqAcio"",""rec2RnkYmr7qzeP7p"",""rec5lOGdfSFTEQhVO"",""recxgnoUAEGbjLqpT"",""recFt0DgggT9FMhKD"",""recHjPHFYuz3vGFbA"",""recMGSMeMprqiCJtY"",""recOumJYbufSkDyAW"",""recDGD57a4uQHJHv6"",""reco4ubI0LxIQTCTt"",""recpPN8mYWaJgtc6M"",""rec5Nsq3OMDK9hQh0"",""reczgogab4jSXYXx4"",""recEY0Mj5GVfDlepr"",""recM1qRMipNhIbPuK"",""recaA3TGys6decOJc"",""recrFMR7NnHDpzOsv"",""recvWBGDHvamL1bm7"",""recYwwpyjTFxyyiYt"",""recZccv0JHGnNWbpX"",""rec1rXqtJQrnQzB55"",""rec51LPY2tyPxLWe6"",""recdY2XlF7mgXBphA"",""recjoZxcwAr0hPsO7"",""recyv5OktdnqWXTOs"",""recAb1uopM5AQp6eo"",""recDKA29HUqgf2BXV"",""recKref0Noi53F5wI"",""recNQtjfcNt5dTuqL"",""recqRYuLsxz8te3ne"",""recWtP6Y4pRVkKeJO"",""recwftHTdZuOlFNpx"",""recNmg2LJOvkwRWiy"",""recUu2xcvtL3RleXW"",""recnnk1A9tKF7YOrz"",""reciqYr1DO4lH36ea"",""recKTDIZucoSTkWvN"",""reccCykhIooae6FCg"",""recHmObZYzmgtlV99"",""recouY9tpZixVuvP2"",""recUsCdT3zY41lKz8"",""recubLlGel2Rz6ZKv"",""reccQgf8vl9nnI16K"",""recGBGMt8onynYDRc"",""recO3SzjSSGWfozCq"",""recQy5KXIehroS1LV"",""recu94CkX8pcWTI1G"",""rechHqFxUcLNqCeI4"",""recEL2eZMNw0DocuN"",""recLZyCPI3Vf8jNOq"",""recQ22jXEFX0S3KWY"",""recumQ2Tb3gKRtL8w"",""recY2caADdn5aJIep"",""recZM8mPrO9EIiQSm"",""recZcmfCVOKRjgYvL"",""recefDn7fPLFjZ8TV"",""recfCZT0kaTSNkvvy"",""recRAYMexYcO0Owia"",""recZjW8vfF3V7wjsg"",""rec6TVTgfYvew9eAw"",""recekV77GAEBcMs2c"",""recVEGrsMHHuG4Psg"",""recJMR3sqWF35vKeh"",""rec16Ybnx8gdzVUrZ"",""rec6sfIi1BXGj4FWb"",""reccA4mc4AFR5Ir1v"",""recIFvfbexnVX41Qg"",""recYoKn8rMrIJFDmT"",""recZhVLtnIQRbEhnT"",""recZXzsn0lXMMrZeO"",""recgYnTumjLlPGa3O"",""recCTQ0Np5K9ZrLlL"",""recPkew3gAbDYGyP1""]"
recwjQr18jqZBjOpo,2025-01-28T07:45:42.000Z,Flood Barrier Controls,2025-01-28,Active,"[""recxG8gMU2ifwGwIX""]",V_01-28-2025-00-00-00,2025-01-28T07:45:42.000Z,
recwoep4C1dqDJhxZ,2025-01-28T07:45:40.000Z,Green Space Cooling Solutions,2025-01-28,Active,"[""reciGjhvWmulaMj4S""]",V_01-28-2025-00-00-00,2025-01-28T07:45:40.000Z,
recx2YszNTarTpsFY,2025-01-28T07:45:37.000Z,Post-Disaster Assessment Systems,2025-01-28,Active,"[""recz2FK1dAxPB2MvE""]",V_01-28-2025-00-00-00,2025-01-28T07:45:37.000Z,
recx55WDuzu1L7TG0,2025-01-28T07:45:46.000Z,Heat Stress Monitoring,2025-01-28,Active,"[""rechqr3Zono6Xqmcq""]",V_01-28-2025-00-00-00,2025-02-09T21:43:29.000Z,"[""rectiiLfFrG9xoK8m"",""recZNAAG93nvOQfLf"",""recuUiMl1Vu9enFTw""]"
recxCB0oUUfKTy3s3,2025-01-28T07:45:28.000Z,Satellite Observation Systems,2025-01-28,Active,"[""recZlMwcic72dQQ2g""]",V_01-28-2025-00-00-00,2025-02-09T21:43:29.000Z,"[""recwxNrjnqWJXii6M"",""rechdPnzhUcvgSWoR"",""recHAi0DAzBRyr7JL"",""recSI0TmkfDtq5YC6"",""rec8g8WMalpOwIMAl"",""recDo8lsBRzTvp8LK"",""recJVAbCAhGtBDn5h"",""recMrHRVCzBLtpjmX"",""recvJPLywEuZSnqLb"",""recxWBW9jGW7po9Ws"",""recD97Fb5c9vm6ZSx"",""recGvJUgCX1ueOVUk"",""recn19BUL1GCPRDd9"",""reckP0yPD6QQy9Gzu"",""recywTqHey2LN2t6a""]"
recxzdLHozsCFElzA,2025-01-28T07:45:35.000Z,Crisis Communication Tools,2025-01-28,Active,"[""recz2FK1dAxPB2MvE""]",V_01-28-2025-00-00-00,2025-02-09T21:43:29.000Z,"[""recGv6zmVUIjBZPDm"",""rec8vfe0S1G9ZxXmS"",""rec3V24aW1kHzjkwd""]"
recy38TMC7fbU7tv4,2025-01-28T07:46:00.000Z,Economic Forecasting Tools,2025-01-28,Active,"[""recL0YYzJkzLRAX9A""]",V_01-28-2025-00-00-00,2025-02-09T21:43:29.000Z,"[""rec5V5NA1291HGJOb"",""rec7RWLzNWQzXEAYa"",""recx9YI3ZFTRZOPbV"",""recy2eP6cRjArFmnk"",""recLtzmNHI3IGRLc5"",""recWaGcgbfLws5Mkn"",""recE0kTGksNsV5mqd"",""recGhv1rnwPzA8S40""]"
recy5ZlmQYzSr0XuG,2025-01-28T07:45:29.000Z,Flood Gauge Networks,2025-01-28,Active,"[""recZlMwcic72dQQ2g""]",V_01-28-2025-00-00-00,2025-02-09T21:43:29.000Z,"[""recPuTjCW1brjMINX"",""recmJK6ZQsAWUX0Pl""]"
recy8ovl5cvEBuYaP,2025-01-28T07:45:38.000Z,Incident Command Software,2025-01-28,Active,"[""recz2FK1dAxPB2MvE""]",V_01-28-2025-00-00-00,2025-02-09T21:43:29.000Z,"[""rec9XqpcVbSkhkjGV""]"
recyAc0LSOGC52bSA,2025-01-28T07:45:34.000Z,Seismic Retrofitting Solutions,2025-01-28,Active,"[""recW69WCUlbIveX6W""]",V_01-28-2025-00-00-00,2025-01-28T07:45:34.000Z,
recyZO3ADQ3NAJ4uy,2025-01-28T07:45:47.000Z,Resilient Healthcare Facilities,2025-01-28,Active,"[""rechqr3Zono6Xqmcq""]",V_01-28-2025-00-00-00,2025-02-09T21:43:29.000Z,"[""recKi2b0eUa0z2FKe"",""recaFUQPcf5Hdlawy"",""recKSIutZ7MDhUvgH""]"
recyrCph6swfTOvBq,2025-01-28T07:45:45.000Z,Cooling Center Management Systems,2025-01-28,Active,"[""rechqr3Zono6Xqmcq""]",V_01-28-2025-00-00-00,2025-02-09T21:43:29.000Z,"[""recmGDtoJlAUJSevw""]"
recz7SGnisK1irYYl,2025-01-28T07:45:51.000Z,Storage Facility Monitoring,2025-01-28,Active,"[""reczWby8ynKcMq1CD""]",V_01-28-2025-00-00-00,2025-01-28T07:45:51.000Z,
recz8tMyH7P67pUru,2025-01-28T07:45:52.000Z,Social Network Platforms,2025-01-28,Active,"[""recsKvsr32KNM9vvq""]",V_01-28-2025-00-00-00,2025-02-09T21:43:29.000Z,"[""recMvI7CwBso7Bwpd"",""recOkdBk0KLiH5AwQ""]"
reczJNIOBxv8UfHAT,2025-01-28T07:45:56.000Z,Cost-Benefit Analysis Tools,2025-01-28,Active,"[""reczirxn83VMd6Ynt""]",V_01-28-2025-00-00-00,2025-02-09T21:43:29.000Z,"[""recFhHJE3283aqLSX"",""recYUQoYySl14uaSx"",""recZtz9hfuKSDuVEX"",""recazFGVRyDQXAxBN"",""recbAzv8a0RH95SZJ"",""receGooyzRlFGm0nD""]"
reczVyDnNmmkGgSYl,2025-01-28T07:45:59.000Z,Market Disruption Monitoring,2025-01-28,Active,"[""recL0YYzJkzLRAX9A""]",V_01-28-2025-00-00-00,2025-02-09T21:43:29.000Z,"[""rec2BevwnDHd96lPp""]"
reczfdQ3oSAVF52pQ,2025-01-28T07:45:54.000Z,Community Alert Networks,2025-01-28,Active,"[""recsKvsr32KNM9vvq""]",V_01-28-2025-00-00-00,2025-02-09T21:43:29.000Z,"[""reclHb2EMBi91f6GV"",""rece8PazLSVpEoksQ"",""rececMJ1h1BOs0WJV"",""recH5q7Ok38Zkw8i7"",""recuYULK5TtocTFrC"",""recjO6COMNlChQ17g"",""recYsu9vbin3OCE99"",""recHWTVCwADIHdskp"",""recun81zfZkUm2taN"",""rec6bAWZhJwfvJGuE"",""recI0YSE6w9eLatmG"",""recLMYxuUK4e0UmSs"",""reclKSA7wW2JdxOR5"",""recjDC2mRiWXTAzYy"",""rec1COrfvdUm8FBnG"",""recwmmHWcJjYIvELw"",""recgzM0yLeWuv0RC6"",""recByTEJqN7F7H4Cv"",""rec3ikL8ZFL73IGLB"",""recjtBzfvWVN1Vs3Q"",""rec2iVyjmpReG66tP"",""rec0zcXNzjUP0IdW0"",""recGp8N5OGNjo4Ywz"",""rectyAAaPi9ulUyu1"",""recfxmLd1bAJy9rER"",""recO7v7IHTt6WISdc"",""recVIScoY62lDiNkI"",""recD2FlQeRUs14KMp"",""recxU6tEP1LjSrgHJ"",""recNZZNiNVr1lGv8u"",""rec3Dssx2o6Gc4E4G"",""recoA8bCjD1NVH4Cb"",""recJnjqsAmymdt7U9"",""recMSKgBfU0IBvEX8""]"
reczjsMwr8wJsDsIT,2025-01-28T07:45:48.000Z,Public Health Response Tools,2025-01-28,Active,"[""rechqr3Zono6Xqmcq""]",V_01-28-2025-00-00-00,2025-02-09T21:43:29.000Z,"[""recbLFp3Fus10zphC"",""recTEWaNrcjmhRZSd"",""rec5onp5mbcOOFukM""]"
reczmtWeMygxR90ac,2025-01-28T07:45:32.000Z,Passive Cooling Infrastructure,2025-01-28,Active,"[""recW69WCUlbIveX6W""]",V_01-28-2025-00-00-00,2025-01-28T07:45:32.000Z,
